[
    {
        "name": "РАЗРАБОТКА ПАРАМЕТРИЧЕСКИХ МОДЕЛЕЙ ПОВТОРЯЕМЫХ СБОРОК В ИЗОЛИРОВАННОЙ СРЕДЕ DOCKER",
        "year": 2022,
        "doi": "",
        "url": "/item.asp?id=48454808",
        "authors": [
            "Абунагимова А.Р.",
            "Глазунов В.В."
        ]
    },
    {
        "name": "APPLICATION OF THE HYBRID MODEL TO NUMERICAL MODELING OF THE URBAN TRANSPORT NETWORK TOPOLOGY",
        "year": 2021,
        "doi": "10.1007/978-981-33-6632-9_16",
        "url": "/item.asp?id=46075382",
        "authors": [
            "Glazunov V.",
            "Chuvatov M.",
            "Kurochkin L.",
            "Kurochkin M.",
            "Chernyshev A.",
            "Hanin L."
        ]
    },
    {
        "name": "РАЗРАБОТКА АЛГОРИТМОВ РАСПРЕДЕЛЕНИЯ ТРАФИКА ПРИ МНОГОПУТЕВОЙ ПЕРЕДАЧЕ ДАННЫХ В ГЕТЕРОГЕННЫХ СЕТЯХ МОБИЛЬНЫХ АБОНЕНТОВ",
        "year": 2020,
        "doi": "",
        "url": "/item.asp?id=43760951",
        "authors": [
            "Любимов И.И.",
            "Заборовский В.С.",
            "Глазунов В.В."
        ]
    },
    {
        "name": "РАЗРАБОТКА МЕТОДОВ АУТЕНТИФИКАЦИИ И ЗАЩИТЫ ДАННЫХ МОБИЛЬНЫХ АБОНЕНТОВ ДЛЯ ДОСТУПА К ОБЛАЧНЫМ СЕРВИСАМ",
        "year": 2020,
        "doi": "",
        "url": "/item.asp?id=43760947",
        "authors": [
            "Рыжов Д.А.",
            "Курочкин Л.М.",
            "Глазунов В.В."
        ]
    },
    {
        "name": "A STUDY OF A TRAJECTORY SYNTHESIS METHOD FOR A CYCLIC CHANGEABLE TARGET IN AN ENVIRONMENT WITH PERIODIC DYNAMICS OF PROPERTIES",
        "year": 2020,
        "doi": "10.1007/978-3-030-32579-4_10",
        "url": "/item.asp?id=43222201",
        "authors": [
            "Motorin D.",
            "Popov S.",
            "Glazunov V.",
            "Chuvatov M."
        ]
    },
    {
        "name": "RASTER TO VECTOR MAP CONVERTION BY IRREGULAR GRID OF HEIGHTS",
        "year": 2020,
        "doi": "",
        "url": "/item.asp?id=42830758",
        "authors": [
            "Popov S.",
            "Glazunov V.",
            "Chuvatov M.",
            "Purii A."
        ]
    },
    {
        "name": "ИНТЕГРАЦИЯ МИКРО И МАКРОМОДЕЛЕЙ ДЛЯ МОДЕЛИРОВАНИЯ ТРАНСПОРТНЫХ ПОТОКОВ В ИНТЕЛЛЕКТУАЛЬНЫХ ТРАНСПОРТНЫХ СИСТЕМАХ",
        "year": 2020,
        "doi": "",
        "url": "/item.asp?id=44664478",
        "authors": [
            "Глазунов В.В.",
            "Ченцова П.В.",
            "Чернышев А.С.",
            "Чуватов М.В."
        ]
    },
    {
        "name": "МЕТОД И ТЕХНОЛОГИЯ ИНТЕГРАЦИИ ДИСКРЕТНОЙ И СПЛОШНОСРЕДНОЙ МОДЕЛЕЙ ТРАНСПОРТНЫХ ПОТОКОВ РЕГИОНА",
        "year": 2019,
        "doi": "10.18721/JCSTCS.12409",
        "url": "/item.asp?id=42332528",
        "authors": [
            "Глазунов В.В.",
            "Чуватов М.В.",
            "Чернышев А.С.",
            "Курочкин Л.М."
        ]
    },
    {
        "name": "РАЗРАБОТКА СИСТЕМЫ ПОЗИЦИОНИРОВАНИЯ МОБИЛЬНОГО ОБЪЕКТА С ИСПОЛЬЗОВАНИЕМ БЕСКОНТАКТНЫХ МЕТОДОВ УПРАВЛЕНИЯ И ТЕХНОЛОГИЙ ВИРТУАЛЬНОЙ РЕАЛЬНОСТИ",
        "year": 2019,
        "doi": "",
        "url": "/item.asp?id=41391711",
        "authors": [
            "Йовановски Н.",
            "Глазунов В.В.",
            "Чуватов М.В."
        ]
    },
    {
        "name": "ПРОГРАММА ДЛЯ УПРАВЛЕНИЯ БЕСПРОВОДНЫМИ СОЕДИНЕНИЯМИ ТРАНСПОРТНЫХ СРЕДСТВ С ОБЛАЧНЫМИ ИНФОРМАЦИОННЫМИ СЕРВИСАМИ",
        "year": 2018,
        "doi": "",
        "url": "/item.asp?id=39291909",
        "authors": [
            "Глазунов В.В.",
            "Курочкин Л.М.",
            "Моторин Д.Е.",
            "Попов С.Г.",
            "Чуватов М.В."
        ]
    },
    {
        "name": "ПРОГРАММА ВИЗУАЛИЗАЦИИ ТОПОЛОГИИ ГЕТЕРОГЕННЫХ БЕСПРОВОДНЫХ СЕТЕЙ ПЕРЕДАЧИ ДАННЫХ ТРАНСПОРТНЫХ СРЕДСТВ",
        "year": 2018,
        "doi": "",
        "url": "/item.asp?id=39301232",
        "authors": [
            "Глазунов В.В.",
            "Курочкин Л.М.",
            "Лебедев Д.Г.",
            "Попов М.",
            "Попов С.Г."
        ]
    },
    {
        "name": "СРАВНЕНИЕ РЕЗУЛЬТАТОВ МОДЕЛИРОВАНИЯ ТРАНСПОРТНЫХ ПОТОКОВ СПЛОШНОСРЕДНЫМИ И ДИСКРЕТНО-СОБЫТИЙНЫМ МЕТОДАМИ",
        "year": 2018,
        "doi": "",
        "url": "/item.asp?id=35619858",
        "authors": [
            "Курочкин Л.М.",
            "Чуватов М.В.",
            "Глазунов В.В.",
            "Чернышев А.С."
        ]
    },
    {
        "name": "THE METHOD OF MODELLING WIRELESS NETWORK USING TELEMATICS MAPS",
        "year": 2018,
        "doi": "10.23919/FRUCT.2018.8588103",
        "url": "/item.asp?id=36541831",
        "authors": [
            "Sharagin M.",
            "Popov S.",
            "Glazunov V.",
            "Zaborovsky V."
        ]
    },
    {
        "name": "АРХИТЕКТУРА ВЗАИМОДЕЙСТВИЯ ПОЛЬЗОВАТЕЛЬСКИХ ПРИЛОЖЕНИЙ С ОБЛАЧНЫМ СЕРВИСОМ В МУЛЬТПРОТОКОЛЬНЫХ СЕТЯХ С АГРЕГАЦИЕЙ КАНАЛОВ",
        "year": 2017,
        "doi": "",
        "url": "/item.asp?id=35657119",
        "authors": [
            "Глазунов В.В.",
            "Курочкин М.А.",
            "Андреева Т.А."
        ]
    },
    {
        "name": "THE RULES SELECTION ALGORITHM FOR NETWORK TRAFFIC OF ROBOT GROUPS IN INTELLIGENT TRANSPORTATION SYSTEMS",
        "year": 2017,
        "doi": "10.1109/SCM.2017.7970641",
        "url": "/item.asp?id=31048997",
        "authors": [
            "Glazunov V.V.",
            "Utkin L.V.",
            "Ryabinin M.A.",
            "Popov S.G."
        ]
    },
    {
        "name": "IMPLEMENTATION OF THE ALGORITHMS TO RETRIEVE THE DATA ABOUT LOCAL AND GLOBALWIRELESS NETWORKS FROM THE TELEMATICS MAP",
        "year": 2017,
        "doi": "10.5220/0006470504470452",
        "url": "/item.asp?id=31052611",
        "authors": [
            "Popov S.",
            "Sharagin M.",
            "Glazunov V.",
            "Chuvatov M."
        ]
    },
    {
        "name": "РЕАЛИЗАЦИЯ АЛГОРИТМА ВЫБОРА ПРАВИЛ СЕТЕВОГО ВЗАИМОДЕЙСТВИЯ ГРУПП РОБОТОВ В ИНТЕЛЛЕКТУАЛЬНЫХ ТРАНСПОРТНЫХ СИСТЕМАХ",
        "year": 2017,
        "doi": "",
        "url": "/item.asp?id=29902232",
        "authors": [
            "Глазунов В.В.",
            "Уткин Л.В.",
            "Рябинин М.А.",
            "Попов С.Г."
        ]
    },
    {
        "name": "THE TECHNOLOGY OF MANAGEMENT OF DATA ABOUT WIRELESS NETWORKS FOR VEHICLE'S TELEMATICS MAP",
        "year": 2016,
        "doi": "10.5220/0005911801380143",
        "url": "/item.asp?id=27100258",
        "authors": [
            "Chuvatov M.",
            "Glazunov V.",
            "Kurochkin L.",
            "Popov S."
        ]
    },
    {
        "name": "THE IMPLEMENTING OF THE INTERNET OF THINGS CONCEPTS FOR THE CONTINUOUS PROVISION OF INFORMATIONAL SERVICES FOR VEHICLE DRIVERS AND PASSENGERS",
        "year": 2015,
        "doi": "10.1109/TAFGEN.2015.7289565",
        "url": "/item.asp?id=27143706",
        "authors": [
            "Popov S.",
            "Kurochkin M.",
            "Kurochkin L.",
            "Glazunov V."
        ]
    },
    {
        "name": "THE ALGORITHM TO IMPROVE THE ACCURACY OF LOCATION DATA OF THE VEHICLE IN THE CLOUD",
        "year": 2015,
        "doi": "10.1109/TAFGEN.2015.7289573",
        "url": "/item.asp?id=27143741",
        "authors": [
            "Popov S.",
            "Glazunov V.",
            "Kurochkin M.",
            "Chuvatov M."
        ]
    },
    {
        "name": "NETWORK SYNCHRONIZATION OF VEHICLE MULTIPROTOCOL UNIT SYSTEM CLOCK",
        "year": 2014,
        "doi": "10.1109/ICUMT.2014.7002087",
        "url": "/item.asp?id=24051517",
        "authors": [
            "Popov S.",
            "Kurochkin M.",
            "Kurochkin L.",
            "Glazunov V."
        ]
    },
    {
        "name": "PROTOTYPE OF THE TELEMATICS MAP CLOUD SERVICE",
        "year": 2015,
        "doi": "10.1109/FRUCT.2015.7117970",
        "url": "/item.asp?id=23989694",
        "authors": [
            "Glazunov V.",
            "Kurochkin L.",
            "Popov S.",
            "Chuvatov M."
        ]
    },
    {
        "name": "QUALIFICATION ROUTES MESSAGING FOR DYNAMIC SYSTEMS USING LOGICAL-PROBABILISTIC METHOD",
        "year": 2015,
        "doi": "",
        "url": "/item.asp?id=29102336",
        "authors": [
            "Glazunov V.V.",
            "Kurochkin M.A.",
            "Popov S.G."
        ]
    },
    {
        "name": "QUALIFICATION ROUTES MESSAGING FOR DYNAMIC SYSTEMS USING А LOGICAL-PROBABILISTIC METHOD",
        "year": 2015,
        "doi": "10.5862/JCSTCS.212.2",
        "url": "/item.asp?id=23102818",
        "authors": [
            "Glazunov V.V.",
            "Kurochkin M.A.",
            "Popov S.G."
        ]
    },
    {
        "name": "ТЕХНОЛОГИЯ УПРАВЛЕНИЯ ОБЛАЧНЫМ СЕРВИСОМ ТЕЛЕМАТИЧЕСКОЙ КАРТЫ ИНТЕЛЛЕКТУАЛЬНОЙ ТРАНСПОРТНОЙ СИСТЕМЫ",
        "year": 2015,
        "doi": "10.5862/JCSTCS.217-222.2",
        "url": "/item.asp?id=23728598",
        "authors": [
            "Глазунов В.В.",
            "Курочкин М.А.",
            "Попов С.Г.",
            "Ву Ч.",
            "Лиу Л."
        ]
    },
    {
        "name": "МОДЕЛИРОВАНИЕ ПОТОКА НЕОТЛОЖНЫХ СООБЩЕНИЙ МЕЖДУ ОБЛАЧНЫМ СЕРВИСОМ И MESH СЕТЬЮ МОБИЛЬНЫХ РОБОТОВ И ДРУГИХ ТРАНСПОТРНЫХ СРЕДСТВ",
        "year": 2015,
        "doi": "",
        "url": "/item.asp?id=23175720",
        "authors": [
            "Глазунов В.В.",
            "Курочкин Л.М.",
            "Попов С.Г."
        ]
    },
    {
        "name": "МЕТОД ОЦЕНКИ МАРШРУТОВ ПЕРЕДАЧИ СООБЩЕНИЙ В ТЕЛЕМАТИЧЕСКИХ СЕТЯХ ТРАНСПОТРНЫХ СРЕДСТВ НА ОСНОВЕ ЛОГИКО-ВЕРОЯТНОСТНОГО МЕТОДА",
        "year": 2015,
        "doi": "",
        "url": "/item.asp?id=24103787",
        "authors": [
            "Глазунов В.В.",
            "Курочкин М.А.",
            "Попов С.Г."
        ]
    },
    {
        "name": "ИССЛЕДОВАНИЕ ПРОТОКОЛОВ МАРШРУТИЗАЦИИ OLSR И B.A.T.M.A.N. В МОБИЛЬНЫХ ТРАНСПОРТНЫХ СЕТЯХ",
        "year": 2014,
        "doi": "",
        "url": "/item.asp?id=23612364",
        "authors": [
            "Глазунов В.В."
        ]
    },
    {
        "name": "АЛГОРИТМ МОДЕЛИРОВАНИЯ СЕТЕВОГО ТРАФИКА В ИНТЕЛЛЕКТУАЛЬНЫХ ТРАНСПОРТНЫХ СИСТЕМАХ",
        "year": 2014,
        "doi": "",
        "url": "/item.asp?id=22769823",
        "authors": [
            "Глазунов В.В.",
            "Курочкин М.А."
        ]
    },
    {
        "name": "ИССЛЕДОВАНИЕ ВЗАИМОДЕЙСТВИЯ МУЛЬТИПРОТОКОЛЬНОЙ СЕТИТРАНСПОРТНЫХ СРЕДСТВ С ОБЛАЧНОЙ СРЕДОЙ ДЛЯ ПЕРЕДАЧИКОРОТКИХ ЭКСТРЕННЫХ СООБЩЕНИЙ",
        "year": 2014,
        "doi": "",
        "url": "/item.asp?id=22663530",
        "authors": [
            "Глазунов В.В.",
            "Курочкин М.А."
        ]
    },
    {
        "name": "HARDWARE AND SOFTWARE EQUIPMENT FOR MODELING OF TELEMATICS COMPONENTS IN INTELLIGENT TRANSPORTATION SYSTEMS",
        "year": 2014,
        "doi": "10.1007/978-3-319-10353-2_55",
        "url": "/item.asp?id=23981438",
        "authors": [
            "Popov S.",
            "Kurochkin M.",
            "Kurochkin L.M.",
            "Glazunov V."
        ]
    },
    {
        "name": "ПРОГРАММНО-АППАРАТНЫЙ СТЕНД МОДЕЛИРОВАНИЯ ПРОТОКОЛОВ ДИНАМИЧЕСКОЙ МАРШРУТИЗАЦИИ СЕТЕВОГО УРОВНЯ В МОБИЛЬНОЙ ГЕТЕРОГЕННОЙ СЕТИ",
        "year": 2014,
        "doi": "",
        "url": "/item.asp?id=22309757",
        "authors": [
            "Глазунов В.В.",
            "Курочкин М.А."
        ]
    },
    {
        "name": "INSTRUMENTAL ENVIRONMENT OF MULTI-PROTOCOL CLOUD-ORIENTED VEHICULAR MESH NETWORK",
        "year": 2013,
        "doi": "",
        "url": "/item.asp?id=21895883",
        "authors": [
            "Glazunov V.V.",
            "Kurochkin L.M.",
            "Kurochkin M.A.",
            "Popov S.G."
        ]
    },
    {
        "name": "ROAD TRAFFIC EFFICIENCY AND SAFETY IMPROVEMENTS TRENDS",
        "year": 2013,
        "doi": "",
        "url": "/item.asp?id=21895941",
        "authors": [
            "Glazunov V.",
            "Kurochkin L.",
            "Kurochkin M.",
            "Popov S.",
            "Timofeev D."
        ]
    },
    {
        "name": "СРЕДА МОДЕЛИРОВАНИЯ ИЗБЫТОЧНОЙ МУЛЬТИПРОТОКОЛЬНОЙ СЕТИ ДЕЦЕНТРАЛИЗОВАННОГО УПРАВЛЕНИЯ ГРУППОЙ РОБОТОВ В ЭКСТРЕМАЛЬНЫХ УСЛОВИЯХ",
        "year": 2013,
        "doi": "",
        "url": "/item.asp?id=28795977",
        "authors": [
            "Глазунов В.В.",
            "Курочкин М.А.",
            "Курочкин Л.М."
        ]
    }
]