[
    {
        "name": "MIXED-VALENT MGAL2O4:EU2+/EU3+ PHOSPHOR FOR RATIOMETRIC OPTICAL THERMOMETRY",
        "year": 2022,
        "doi": "10.1016/j.physb.2021.413456",
        "url": "/item.asp?id=47512709",
        "authors": [
            "Kolesnikov I.E.",
            "Kurochkin M.A.",
            "Lähderanta E.",
            "Afanaseva E.V.",
            "Kolesnikov E.Y."
        ]
    },
    {
        "name": "DUAL-CENTER CO-DOPED AND MIXED RATIOMETRIC LUVO4:ND3+/YB3+NANOTHERMOMETERS",
        "year": 2022,
        "doi": "10.1088/1361-6528/ac49c3",
        "url": "/item.asp?id=48147410",
        "authors": [
            "Kolesnikov I.E.",
            "Kurochkin M.A.",
            "Lahderanta E.",
            "Afanaseva E.V.",
            "Vaishlia E.I.",
            "Kolesnikov E.Y."
        ]
    },
    {
        "name": "UPCONVERTING NIR-TO-NIR LUVO4:ND3+/YB3+NANOPHOSPHORS FOR HIGH-SENSITIVITY OPTICAL THERMOMETRY",
        "year": 2022,
        "doi": "10.1021/acsami.1c20937",
        "url": "/item.asp?id=48142405",
        "authors": [
            "Kolesnikov I.E.",
            "Kurochkin M.A.",
            "Kalinichev A.A.",
            "Lähderanta E.",
            "Afanaseva E.V.",
            "Vaishlia E.I.",
            "Kolesnikov E.Y."
        ]
    },
    {
        "name": "CO-DOPED AND MIXED DUAL-CENTER RATIOMETRIC YVO4:ND3+/EU3+ NANOTHERMOMETERS",
        "year": 2021,
        "doi": "",
        "url": "/item.asp?id=47232846",
        "authors": [
            "Kolesnikov I.E.",
            "Mamonova D.V.",
            "Kurochkin M.A.",
            "Manshina A.A."
        ]
    },
    {
        "name": "MULTIMODE LUMINESCENCE THERMOMETRY BASED ON EMISSION AND EXCITATION SPECTRA",
        "year": 2021,
        "doi": "10.1016/j.jlumin.2020.117828",
        "url": "/item.asp?id=45128983",
        "authors": [
            "Kolesnikov I.E.",
            "Mamonova D.V.",
            "Kurochkin M.A.",
            "Lähderanta E.",
            "Kolesnikov E.Y."
        ]
    },
    {
        "name": "EU3+-DOPED RATIOMETRIC OPTICAL THERMOMETERS: EXPERIMENT AND JUDD-OFELT MODELLING",
        "year": 2021,
        "doi": "10.1016/j.optmat.2020.110797",
        "url": "/item.asp?id=45069827",
        "authors": [
            "Kolesnikov I.E.",
            "Mamonova D.V.",
            "Kurochkin M.A.",
            "Lähderanta E.",
            "Kolesnikov E.Y."
        ]
    },
    {
        "name": "APPLICATION OF THE HYBRID MODEL TO NUMERICAL MODELING OF THE URBAN TRANSPORT NETWORK TOPOLOGY",
        "year": 2021,
        "doi": "10.1007/978-981-33-6632-9_16",
        "url": "/item.asp?id=46075382",
        "authors": [
            "Glazunov V.",
            "Chuvatov M.",
            "Kurochkin L.",
            "Kurochkin M.",
            "Chernyshev A.",
            "Hanin L."
        ]
    },
    {
        "name": "YVO4NANOPARTICLES DOPED WITH EU3+AND ND3+FOR OPTICAL NANOTHERMOMETRY",
        "year": 2021,
        "doi": "10.1021/acsanm.1c02992",
        "url": "/item.asp?id=47525795",
        "authors": [
            "Kolesnikov I.E.",
            "Kurochkin M.A.",
            "Lähderanta E.",
            "Mamonova D.V.",
            "Manshina A.A.",
            "Kolesnikov E.Y."
        ]
    },
    {
        "name": "OPTICAL THERMOMETRY BY MONITORING DUAL EMISSIONS FROM YVO4AND EU3+IN YVO4:EU3+NANOPARTICLES",
        "year": 2021,
        "doi": "10.1021/acsanm.0c03305",
        "url": "/item.asp?id=46743094",
        "authors": [
            "Kolesnikov I.E.",
            "Mamonova D.V.",
            "Kurochkin M.A.",
            "Lähderanta E.",
            "Kolesnikov E.Y."
        ]
    },
    {
        "name": "WATER-SOLUBLE MULTIMODE FLUORESCENT THERMOMETERS BASED ON PORPHYRINS PHOTOSENSITIZERS",
        "year": 2021,
        "doi": "10.1016/j.matdes.2021.109613",
        "url": "/item.asp?id=46751271",
        "authors": [
            "Kolesnikov I.E.",
            "Kurochkin M.A.",
            "Kalinichev A.A.",
            "Lähderanta E.",
            "Meshkov I.N.",
            "Gorbunova Y.G.",
            "Akasov R.A.",
            "Kolesnikov E.Y."
        ]
    },
    {
        "name": "MORPHOLOGY AND DOPING CONCENTRATION EFFECT ON THE LUMINESCENCE PROPERTIES OF SNO2:EU3+ NANOPARTICLES",
        "year": 2020,
        "doi": "10.1016/j.jallcom.2020.153640",
        "url": "/item.asp?id=43229149",
        "authors": [
            "Kolesnikov I.E.",
            "Kolokolov D.S.",
            "Kurochkin M.A.",
            "Voznesenskiy M.A.",
            "Osmolowsky M.G.",
            "Osmolovskaya O.M.",
            "Lähderanta E."
        ]
    },
    {
        "name": "CONCENTRATION SERIES OF SM3+-DOPED YVO4 NANOPARTICLES: STRUCTURAL, LUMINESCENCE AND THERMAL PROPERTIES",
        "year": 2020,
        "doi": "10.1016/j.jlumin.2019.116946",
        "url": "/item.asp?id=43216638",
        "authors": [
            "Kolesnikov I.E.",
            "Kurochkin M.A.",
            "Lähderanta E.",
            "Golyeva E.V.",
            "Kolesnikov E.Y."
        ]
    },
    {
        "name": "MULTIMODE HIGH-SENSITIVITY OPTICAL YVO4:LN3+NANOTHERMOMETERS (LN3+= EU3+, DY3+, SM3+) USING CHARGE TRANSFER BAND FEATURES",
        "year": 2020,
        "doi": "10.1039/d0cp04048g",
        "url": "/item.asp?id=45027570",
        "authors": [
            "Kolesnikov I.E.",
            "Kurochkin M.A.",
            "Mamonova D.V.",
            "Kalinichev A.A.",
            "Lähderanta E.",
            "Golyeva E.V.",
            "Kolesnikov E.Y."
        ]
    },
    {
        "name": "ND3+ CONCENTRATION EFFECT ON LUMINESCENT PROPERTIES OF MGAL2O4 NANOPOWDERS SYNTHESIZED BY MODIFIED PECHINI METHOD",
        "year": 2020,
        "doi": "10.1016/j.jssc.2020.121486",
        "url": "/item.asp?id=43300232",
        "authors": [
            "Golyeva E.V.",
            "Vaishlia E.I.",
            "Semencha A.V.",
            "Kurochkin M.A.",
            "Kolesnikov I.E.",
            "Kolesnikov E.Y.",
            "Lähderanta E."
        ]
    },
    {
        "name": "ОЦЕНКА СОГЛАСОВАННОСТИ ДИСКРЕТНОГО И СПЛОШНОСРЕДНОГО ПОДХОДОВ В РАМКАХ ГИБРИДНОЙ МОДЕЛИ НА ПРИМЕРЕ ТРАНСПОРТНОЙ СЕТИ РЕГИОНА",
        "year": 2020,
        "doi": "10.17122/1999-5458-2020-16-4-56-67",
        "url": "/item.asp?id=46207362",
        "authors": [
            "Курочкин Л.М.",
            "Чернышев А.С.",
            "Курочкин М.А.",
            "Чуватов М.В.",
            "Жиленков А.А."
        ]
    },
    {
        "name": "CONSTRUCTION OF EFFICIENT DUAL ACTIVATING RATIOMETRIC YVO4:ND3+/EU3+ NANOTHERMOMETERS USING CO-DOPED AND MIXED PHOSPHORS",
        "year": 2020,
        "doi": "10.1039/c9nr08358h",
        "url": "/item.asp?id=43262910",
        "authors": [
            "Kolesnikov I.E.",
            "Mamonova D.V.",
            "Kalinichev A.A.",
            "Kurochkin M.A.",
            "Medvedev V.A.",
            "Manshina A.A.",
            "Lähderanta E.",
            "Kolesnikov E.Y."
        ]
    },
    {
        "name": "РАЗРАБОТКА ИНФОРМАЦИОННОЙ СИСТЕМЫ МОНИТОРИНГА ЛЕДОВОЙ ОБСТАНОВКИ СЕВЕРНОГО МОРСКОГО ПУТИ",
        "year": 2020,
        "doi": "",
        "url": "/item.asp?id=43760939",
        "authors": [
            "Богославец С.О.",
            "Заборовский В.С.",
            "Курочкин М.А."
        ]
    },
    {
        "name": "YB 3+ /ER 3+− CODOPED GEO 2 –PBO–PBF 2 GLASS CERAMICS FOR RATIOMETRIC UPCONVERSION TEMPERATURE SENSING BASED ON THERMALLY AND NON-THERMALLY COUPLED LEVELS",
        "year": 2019,
        "doi": "10.1016/j.optmat.2019.02.035",
        "url": "/item.asp?id=38687987",
        "authors": [
            "Kalinichev A.A.",
            "Kurochkin M.A.",
            "Kolomytsev A.Y.",
            "Kolesnikov I.E.",
            "Khasbieva R.S.",
            "Kolesnikov E.Y.",
            "Lähderanta E."
        ]
    },
    {
        "name": "BIFUNCTIONAL HEATER-THERMOMETER ND 3+ -DOPED NANOPARTICLES WITH MULTIPLE TEMPERATURE SENSING PARAMETERS",
        "year": 2019,
        "doi": "10.1088/1361-6528/aafcb8",
        "url": "/item.asp?id=38683750",
        "authors": [
            "Kolesnikov I.E.",
            "Kalinichev A.A.",
            "Kurochkin M.A.",
            "Mamonova D.V.",
            "Lähderanta E.",
            "Kolesnikov E.Yu.",
            "Mikhailov M.D."
        ]
    },
    {
        "name": "RATIOMETRIC OPTICAL THERMOMETRY BASED ON EMISSION AND EXCITATION SPECTRA OF YVO 4 :EU 3+ NANOPHOSPHORS",
        "year": 2019,
        "doi": "10.1021/acs.jpcc.9b00284",
        "url": "/item.asp?id=45551005",
        "authors": [
            "Kolesnikov I.E.",
            "Kalinichev A.A.",
            "Kurochkin M.A.",
            "Mamonova D.V.",
            "Lähderanta E.",
            "Kolesnikov E.Y."
        ]
    },
    {
        "name": "АНАЛИЗ ЦЕЛЕСООБРАЗНОСТИ РАЗРАБОТКИ ГИБРИДНЫХ МОДЕЛЕЙ ТРАНСПОРТНЫХ СИСТЕМ",
        "year": 2019,
        "doi": "10.21672/2074-1707.2019.48.4.099-109",
        "url": "/item.asp?id=41869978",
        "authors": [
            "Курочкин Л.М.",
            "Чернышев А.С.",
            "Курочкин М.А.",
            "Чуватов М.В."
        ]
    },
    {
        "name": "STRUCTURAL, LUMINESCENCE AND THERMOMETRIC PROPERTIES OF NANOCRYSTALLINE YVO 4 :DY 3+ TEMPERATURE AND CONCENTRATION SERIES",
        "year": 2019,
        "doi": "10.1038/s41598-019-38774-6",
        "url": "/item.asp?id=38668347",
        "authors": [
            "Kolesnikov I.E.",
            "Kalinichev A.A.",
            "Kurochkin M.A.",
            "Lähderanta E.",
            "Golyeva E.V.",
            "Terentyeva A.S.",
            "Kolesnikov E.Y."
        ]
    },
    {
        "name": "ИССЛЕДОВАНИЕ ВАРИАНТОВ РЕШЕНИЯ КОМБИНАТОРНЫХ ЗАДАЧ В ТЕХНОЛОГИЯХ OPENCL И CUDA",
        "year": 2019,
        "doi": "",
        "url": "/item.asp?id=41391715",
        "authors": [
            "Уулу Б.М.",
            "Курочкин М.А.",
            "Востров А.В."
        ]
    },
    {
        "name": "PORPHYRINS AS EFFICIENT RATIOMETRIC AND LIFETIME-BASED CONTACTLESS OPTICAL THERMOMETERS",
        "year": 2019,
        "doi": "10.1016/j.matdes.2019.108188",
        "url": "/item.asp?id=41677961",
        "authors": [
            "Kolesnikov I.E.",
            "Kalinichev A.A.",
            "Kurochkin M.A.",
            "Lähderanta E.",
            "Kolesnikov E.Y."
        ]
    },
    {
        "name": "ПРОГРАММА МОДЕЛИРОВАНИЯ РЕШЕНИЯ ТРАНСПОРТНОЙ ЗАДАЧИ ДЛЯ ГРУППЫ РОБОТОВ В УСЛОВИЯХ ПРОСТРАНСТВЕННО-СИТУАЦИОННОЙ НЕОПРЕДЕЛЕННОСТИ",
        "year": 2018,
        "doi": "",
        "url": "/item.asp?id=39291998",
        "authors": [
            "Востров А.В.",
            "Курочкин М.А.",
            "Моторин Д.Е.",
            "Попов С.Г.",
            "Чуватов М.В."
        ]
    },
    {
        "name": "ПРОГРАММА ПЛАНИРОВАНИЯ ПЕРЕДАЧИ ДАННЫХ В ГЕТЕРОГЕННЫХ БЕСПРОВОДНЫХ СЕТЯХ ТРАНСПОРТНЫХ СРЕДСТВ",
        "year": 2018,
        "doi": "",
        "url": "/item.asp?id=39301189",
        "authors": [
            "Курочкин М.А.",
            "Моторин Д.Е.",
            "Попов С.Г.",
            "Чуватов М.В.",
            "Шарагин М.П."
        ]
    },
    {
        "name": "ИСПОЛЬЗОВАНИЕ СУПЕРКОМПЬЮТЕРНЫХ ТЕХНОЛОГИЙ В ЗАДАЧЕ ПОСТРОЕНИЯ 3D МОДЕЛИ ЛАНДШАФТА МЕСТНОСТИ",
        "year": 2018,
        "doi": "",
        "url": "/item.asp?id=38224700",
        "authors": [
            "Пурий А.А.",
            "Курочкин М.А."
        ]
    },
    {
        "name": "ТЕХНОЛОГИЯ ПОСТРОЕНИЯ 3D МОДЕЛЕЙ РЕЗУЛЬТАТОВ КОМПЬЮТЕРНОЙ ТОМОГРАФИИ ГРУДНОЙ КЛЕТКИ",
        "year": 2018,
        "doi": "",
        "url": "/item.asp?id=38224704",
        "authors": [
            "Касимов Э.М.",
            "Курочкин М.А."
        ]
    },
    {
        "name": "EFFECT OF SILICA COATING ON LUMINESCENCE AND TEMPERATURE SENSING PROPERTIES OF ND3+ DOPED NANOPARTICLES",
        "year": 2018,
        "doi": "10.1016/j.jallcom.2017.11.048",
        "url": "/item.asp?id=31053513",
        "authors": [
            "Kolesnikov I.E.",
            "Kurochkin M.A.",
            "Kalinichev A.A.",
            "Kurochkin A.V.",
            "Lähderanta E.",
            "Mamonova D.V.",
            "Mikhailov M.D.",
            "Kolesnikov E.Y."
        ]
    },
    {
        "name": "NEAR-INFRARED EMITTING YVO4:ND3+ NANOPARTICLES FOR HIGH SENSITIVE FLUORESCENCE THERMOMETRY",
        "year": 2018,
        "doi": "10.1016/j.jlumin.2017.11.024",
        "url": "/item.asp?id=31046340",
        "authors": [
            "Kalinichev A.A.",
            "Kurochkin M.A.",
            "Kurochkin A.V.",
            "Kolesnikov I.E.",
            "Golyeva E.V.",
            "Mikhailov M.D.",
            "Lähderanta E."
        ]
    },
    {
        "name": "Y2O3:ND3+ NANOCRYSTALS AS RATIOMETRIC LUMINESCENCE THERMAL SENSORS OPERATING IN THE OPTICAL WINDOWS OF BIOLOGICAL TISSUES",
        "year": 2018,
        "doi": "10.1016/j.jlumin.2018.08.050",
        "url": "/item.asp?id=35737571",
        "authors": [
            "Kolesnikov I.E.",
            "Kalinichev A.A.",
            "Kurochkin M.A.",
            "Kurochkin A.V.",
            "Lähderanta E.",
            "Mamonova D.V.",
            "Mikhailov M.D.",
            "Kolesnikov E.Y."
        ]
    },
    {
        "name": "OPTICAL TEMPERATURE SENSING IN TM3+/YB3+-DOPED GEO2–PBO–PBF2 GLASS CERAMICS BASED ON RATIOMETRIC AND SPECTRAL LINE POSITION APPROACHES",
        "year": 2018,
        "doi": "10.1016/j.sna.2018.10.039",
        "url": "/item.asp?id=38647015",
        "authors": [
            "Kolesnikov I.E.",
            "Kurochkin M.A.",
            "Kalinichev A.A.",
            "Lähderanta E.",
            "Kolesnikov E.Y."
        ]
    },
    {
        "name": "ИССЛЕДОВАНИЕ МОДЕЛЕЙ РЕАЛИЗАЦИИ ВОЛНОВОГО АЛГОРИТМА ДВИЖЕНИЯ РОБОТА ДЛЯ АРХИТЕКТУРЫ NVIDIA В ТЕХНОЛОГИИ CUDA",
        "year": 2018,
        "doi": "",
        "url": "/item.asp?id=36777635",
        "authors": [
            "Курочкин М.А.",
            "Крыштапович В.С."
        ]
    },
    {
        "name": "ПОСТРОЕНИЕ 3D-МОДЕЛИ ВНУТРЕННИХ ОРГАНОВ ЧЕЛОВЕКА С ПРИМЕНЕНИЕМ СУПЕРКОМПЬЮТЕРНЫХ ВЫЧИСЛЕНИЙ",
        "year": 2018,
        "doi": "",
        "url": "/item.asp?id=37030995",
        "authors": [
            "Курочкин М.А.",
            "Касимов Э.М.",
            "Пурий А.А.",
            "Востров А.В."
        ]
    },
    {
        "name": "ИССЛЕДОВАНИЕ АЛГОРИТМА СОГЛАСОВАНИЯ ГЛОБАЛЬНЫХ И ЛОКАЛЬНЫХ ТРАЕКТОРИЙ ДВИЖЕНИЯ РОБОТА НА РАЗНОМАСШТАБНЫХ КАРТАХ",
        "year": 2018,
        "doi": "",
        "url": "/item.asp?id=35619866",
        "authors": [
            "Моторин Д.Е.",
            "Попов С.Г.",
            "Курочкин М.А.",
            "Тучков А.С."
        ]
    },
    {
        "name": "АРХИТЕКТУРА ВЗАИМОДЕЙСТВИЯ ПОЛЬЗОВАТЕЛЬСКИХ ПРИЛОЖЕНИЙ С ОБЛАЧНЫМ СЕРВИСОМ В МУЛЬТПРОТОКОЛЬНЫХ СЕТЯХ С АГРЕГАЦИЕЙ КАНАЛОВ",
        "year": 2017,
        "doi": "",
        "url": "/item.asp?id=35657119",
        "authors": [
            "Глазунов В.В.",
            "Курочкин М.А.",
            "Андреева Т.А."
        ]
    },
    {
        "name": "A STUDY OF THE EVALUATION FUNCTION FOR THE COST OF TRANSPORT OPERATIONS IN DISTRIBUTION OF PURPOSE IN A GROUP OF ROBOTS",
        "year": 2017,
        "doi": "10.1109/SCM.2017.7970642",
        "url": "/item.asp?id=31048526",
        "authors": [
            "Motorin D.E.",
            "Popov S.G.",
            "Chuvatov M.V.",
            "Kurochkin M.A.",
            "Kurochkin L.M."
        ]
    },
    {
        "name": "NEW STRATEGY FOR THERMAL SENSITIVITY ENHANCEMENT OF ND3+-BASED RATIOMETRIC LUMINESCENCE THERMOMETERS",
        "year": 2017,
        "doi": "10.1016/j.jlumin.2017.06.024",
        "url": "/item.asp?id=31038966",
        "authors": [
            "Kolesnikov I.E.",
            "Kalinichev A.A.",
            "Kurochkin M.A.",
            "Kurochkin A.V.",
            "Lähderanta E.",
            "Mamonova D.V.",
            "Mikhailov M.D.",
            "Kolesnikov E.Y."
        ]
    },
    {
        "name": "ND3+ SINGLE DOPED YVO4 NANOPARTICLES FOR SUB-TISSUE HEATING AND THERMAL SENSING IN THE SECOND BIOLOGICAL WINDOW",
        "year": 2017,
        "doi": "10.1016/j.snb.2016.12.005",
        "url": "/item.asp?id=28663026",
        "authors": [
            "Kolesnikov I.E.",
            "Golyeva E.V.",
            "Kalinichev A.A.",
            "Kurochkin M.A.",
            "Lähderanta E.",
            "Mikhailov M.D."
        ]
    },
    {
        "name": "YVO4:ND3+ NANOPHOSPHORS AS NIR-TO-NIR THERMAL SENSORS IN WIDE TEMPERATURE RANGE",
        "year": 2017,
        "doi": "10.1038/s41598-017-18295-w",
        "url": "/item.asp?id=35509506",
        "authors": [
            "Kolesnikov I.E.",
            "Kalinichev A.A.",
            "Kurochkin M.A.",
            "Kurochkin A.V.",
            "Lähderanta E.",
            "Golyeva E.V.",
            "Mikhailov M.D.",
            "Kolesnikov E.Y."
        ]
    },
    {
        "name": "ПРИМЕНЕНИЕ СУПЕРКОМПЬЮТЕРНЫХ ТЕХНОЛОГИЙ ДЛЯ ИССЛЕДОВАНИЯ ДИНАМИКИ ПОЛИДИСПЕРСНЫХ СРЕД",
        "year": 2017,
        "doi": "10.18721/JCSTCS.10105",
        "url": "/item.asp?id=29109145",
        "authors": [
            "Курочкин Л.М.",
            "Чернышев А.С.",
            "Курочкин М.А.",
            "Домрачев Д.А.",
            "Прохоров М.В."
        ]
    },
    {
        "name": "РЕЗУЛЬТАТЫ ЭКСПЕРИМЕНТАЛЬНЫХ ИССЛЕДОВАНИЙ ТОЧНОСТИ ПОЗИЦИОНИРОВАНИЯ ПРИ ИСПОЛЬЗОВАНИИ РАЗЛИЧНЫХ СИСТЕМ СПУТНИКОВОЙ НАВИГАЦИИ",
        "year": 2017,
        "doi": "10.18721/JCSTCS.10407",
        "url": "/item.asp?id=35091466",
        "authors": [
            "Курочкин Л.М.",
            "Курочкин М.А.",
            "Попов С.Г.",
            "Попов М.В."
        ]
    },
    {
        "name": "ИССЛЕДОВАНИЕ ФУНКЦИЙ ОЦЕНКИ ЗАТРАТ ВЫПОЛНЕНИЯ ТРАНСПОРТНЫХ ОПЕРАЦИЙ ПРИ РАСПРЕДЕЛЕНИИ ЦЕЛЕЙ В ГРУППЕ РОБОТОВ",
        "year": 2017,
        "doi": "",
        "url": "/item.asp?id=29902245",
        "authors": [
            "Моторин Д.Е.",
            "Попов С.Г.",
            "Чуватов М.В.",
            "Курочкин М.А.",
            "Курочкин Л.М."
        ]
    },
    {
        "name": "ПРОГРАММА УЧЁТА ПОСТУПЛЕНИЯ И РАСПРЕДЕЛЕНИЯ СРЕДСТВ ПЛАТНЫХ ОБРАЗОВАТЕЛЬНЫХ УСЛУГ",
        "year": 2016,
        "doi": "",
        "url": "/item.asp?id=39349956",
        "authors": [
            "Востров А.В.",
            "Коненков А.В.",
            "Криулин К.Н.",
            "Курочкин Л.М.",
            "Курочкин М.А.",
            "Попов С.Г."
        ]
    },
    {
        "name": "АЛГОРИТМ ПОСТРОЕНИЯ ТРАЕКТОРИИ ДВИЖЕНИЯ РОБОТА ПО ПЕРЕСЕЧЕННОЙ МЕСТНОСТИ",
        "year": 2016,
        "doi": "",
        "url": "/item.asp?id=30310173",
        "authors": [
            "Куреев Д.С.",
            "Курочкин М.А.",
            "Андреева Т.А."
        ]
    },
    {
        "name": "МОДЕЛЬ ПЕРЕСЕЧЕННОЙ МЕСТНОСТИ ДЛЯ ДВИЖЕНИЯ АВТОНОМНОГО РОБОТА",
        "year": 2016,
        "doi": "",
        "url": "/item.asp?id=30310174",
        "authors": [
            "Полищук Б.С.",
            "Курочкин М.А."
        ]
    },
    {
        "name": "ND3+-DOPED YVO4 NANOPARTICLES FOR LUMINESCENCE NANOTHERMOMETRY IN THE FIRST AND SECOND BIOLOGICAL WINDOWS",
        "year": 2016,
        "doi": "10.1016/j.snb.2016.05.095",
        "url": "/item.asp?id=27053148",
        "authors": [
            "Kolesnikov I.E.",
            "Kurochkin M.A.",
            "Lähderanta E.",
            "Golyeva E.V.",
            "Mikhailov M.D."
        ]
    },
    {
        "name": "ПРОГРАММА УПРАВЛЕНИЯ УЧЕБНЫМИ ПЛАНАМИ ВЫСШЕГО ПРОФЕССИОНАЛЬНОГО ОБРАЗОВАНИЯ",
        "year": 2015,
        "doi": "",
        "url": "/item.asp?id=39334509",
        "authors": [
            "Бухтеева Н.А.",
            "Курносова И.А.",
            "Курочкин Л.М.",
            "Курочкин М.А.",
            "Попов С.Г.",
            "Рафиков Ш.М."
        ]
    },
    {
        "name": "БАЗА ДАННЫХ ЭЛЕКТРОННОЙ СИСТЕМЫ МОНИТОРИНГА ТЕХНОЛОГИЧЕСКИХ КОМПЕТЕНЦИЙ",
        "year": 2015,
        "doi": "",
        "url": "/item.asp?id=39336494",
        "authors": [
            "Курочкин Л.М.",
            "Курочкин М.А.",
            "Попов С.Г.",
            "Чуватов М.В."
        ]
    },
    {
        "name": "THE IMPLEMENTING OF THE INTERNET OF THINGS CONCEPTS FOR THE CONTINUOUS PROVISION OF INFORMATIONAL SERVICES FOR VEHICLE DRIVERS AND PASSENGERS",
        "year": 2015,
        "doi": "10.1109/TAFGEN.2015.7289565",
        "url": "/item.asp?id=27143706",
        "authors": [
            "Popov S.",
            "Kurochkin M.",
            "Kurochkin L.",
            "Glazunov V."
        ]
    },
    {
        "name": "THE ALGORITHM TO IMPROVE THE ACCURACY OF LOCATION DATA OF THE VEHICLE IN THE CLOUD",
        "year": 2015,
        "doi": "10.1109/TAFGEN.2015.7289573",
        "url": "/item.asp?id=27143741",
        "authors": [
            "Popov S.",
            "Glazunov V.",
            "Kurochkin M.",
            "Chuvatov M."
        ]
    },
    {
        "name": "NETWORK SYNCHRONIZATION OF VEHICLE MULTIPROTOCOL UNIT SYSTEM CLOCK",
        "year": 2014,
        "doi": "10.1109/ICUMT.2014.7002087",
        "url": "/item.asp?id=24051517",
        "authors": [
            "Popov S.",
            "Kurochkin M.",
            "Kurochkin L.",
            "Glazunov V."
        ]
    },
    {
        "name": "QUALIFICATION ROUTES MESSAGING FOR DYNAMIC SYSTEMS USING LOGICAL-PROBABILISTIC METHOD",
        "year": 2015,
        "doi": "",
        "url": "/item.asp?id=29102336",
        "authors": [
            "Glazunov V.V.",
            "Kurochkin M.A.",
            "Popov S.G."
        ]
    },
    {
        "name": "QUALIFICATION ROUTES MESSAGING FOR DYNAMIC SYSTEMS USING А LOGICAL-PROBABILISTIC METHOD",
        "year": 2015,
        "doi": "10.5862/JCSTCS.212.2",
        "url": "/item.asp?id=23102818",
        "authors": [
            "Glazunov V.V.",
            "Kurochkin M.A.",
            "Popov S.G."
        ]
    },
    {
        "name": "ТЕХНОЛОГИЯ УПРАВЛЕНИЯ ОБЛАЧНЫМ СЕРВИСОМ ТЕЛЕМАТИЧЕСКОЙ КАРТЫ ИНТЕЛЛЕКТУАЛЬНОЙ ТРАНСПОРТНОЙ СИСТЕМЫ",
        "year": 2015,
        "doi": "10.5862/JCSTCS.217-222.2",
        "url": "/item.asp?id=23728598",
        "authors": [
            "Глазунов В.В.",
            "Курочкин М.А.",
            "Попов С.Г.",
            "Ву Ч.",
            "Лиу Л."
        ]
    },
    {
        "name": "МЕТОД ОЦЕНКИ МАРШРУТОВ ПЕРЕДАЧИ СООБЩЕНИЙ В ТЕЛЕМАТИЧЕСКИХ СЕТЯХ ТРАНСПОТРНЫХ СРЕДСТВ НА ОСНОВЕ ЛОГИКО-ВЕРОЯТНОСТНОГО МЕТОДА",
        "year": 2015,
        "doi": "",
        "url": "/item.asp?id=24103787",
        "authors": [
            "Глазунов В.В.",
            "Курочкин М.А.",
            "Попов С.Г."
        ]
    },
    {
        "name": "АЛГОРИТМ МОДЕЛИРОВАНИЯ СЕТЕВОГО ТРАФИКА В ИНТЕЛЛЕКТУАЛЬНЫХ ТРАНСПОРТНЫХ СИСТЕМАХ",
        "year": 2014,
        "doi": "",
        "url": "/item.asp?id=22769823",
        "authors": [
            "Глазунов В.В.",
            "Курочкин М.А."
        ]
    },
    {
        "name": "ИССЛЕДОВАНИЕ ВЗАИМОДЕЙСТВИЯ МУЛЬТИПРОТОКОЛЬНОЙ СЕТИТРАНСПОРТНЫХ СРЕДСТВ С ОБЛАЧНОЙ СРЕДОЙ ДЛЯ ПЕРЕДАЧИКОРОТКИХ ЭКСТРЕННЫХ СООБЩЕНИЙ",
        "year": 2014,
        "doi": "",
        "url": "/item.asp?id=22663530",
        "authors": [
            "Глазунов В.В.",
            "Курочкин М.А."
        ]
    },
    {
        "name": "HARDWARE AND SOFTWARE EQUIPMENT FOR MODELING OF TELEMATICS COMPONENTS IN INTELLIGENT TRANSPORTATION SYSTEMS",
        "year": 2014,
        "doi": "10.1007/978-3-319-10353-2_55",
        "url": "/item.asp?id=23981438",
        "authors": [
            "Popov S.",
            "Kurochkin M.",
            "Kurochkin L.M.",
            "Glazunov V."
        ]
    },
    {
        "name": "ПРОГРАММНО-АППАРАТНЫЙ СТЕНД МОДЕЛИРОВАНИЯ ПРОТОКОЛОВ ДИНАМИЧЕСКОЙ МАРШРУТИЗАЦИИ СЕТЕВОГО УРОВНЯ В МОБИЛЬНОЙ ГЕТЕРОГЕННОЙ СЕТИ",
        "year": 2014,
        "doi": "",
        "url": "/item.asp?id=22309757",
        "authors": [
            "Глазунов В.В.",
            "Курочкин М.А."
        ]
    },
    {
        "name": "INSTRUMENTAL ENVIRONMENT OF MULTI-PROTOCOL CLOUD-ORIENTED VEHICULAR MESH NETWORK",
        "year": 2013,
        "doi": "",
        "url": "/item.asp?id=21895883",
        "authors": [
            "Glazunov V.V.",
            "Kurochkin L.M.",
            "Kurochkin M.A.",
            "Popov S.G."
        ]
    },
    {
        "name": "ROAD TRAFFIC EFFICIENCY AND SAFETY IMPROVEMENTS TRENDS",
        "year": 2013,
        "doi": "",
        "url": "/item.asp?id=21895941",
        "authors": [
            "Glazunov V.",
            "Kurochkin L.",
            "Kurochkin M.",
            "Popov S.",
            "Timofeev D."
        ]
    },
    {
        "name": "СРЕДА МОДЕЛИРОВАНИЯ ИЗБЫТОЧНОЙ МУЛЬТИПРОТОКОЛЬНОЙ СЕТИ ДЕЦЕНТРАЛИЗОВАННОГО УПРАВЛЕНИЯ ГРУППОЙ РОБОТОВ В ЭКСТРЕМАЛЬНЫХ УСЛОВИЯХ",
        "year": 2013,
        "doi": "",
        "url": "/item.asp?id=28795977",
        "authors": [
            "Глазунов В.В.",
            "Курочкин М.А.",
            "Курочкин Л.М."
        ]
    },
    {
        "name": "ОБНАРУЖЕНИЕ КОНФЛИКТОВ ПРИ ИНТЕГРАЦИИ ЭКСПЕРТНЫХ СИСТЕМ НА ОНТОЛОГИЧЕСКИХ МОДЕЛЯХ",
        "year": 2011,
        "doi": "",
        "url": "/item.asp?id=16230941",
        "authors": [
            "Востров А.В.",
            "Курочкин М.А."
        ]
    },
    {
        "name": "МОДЕЛЬ ОРГАНИЗАЦИ ПОДГОТОВКИ СПЕЦИАЛИСТОВ В ОБЛАСТИ ФИЗИКИ",
        "year": 2008,
        "doi": "",
        "url": "/item.asp?id=12803004",
        "authors": [
            "Курочкин М.А.",
            "Хахина А.М."
        ]
    },
    {
        "name": "МЕТОД ИНТЕГРАЦИИ НЕЗАВИСИМЫХ БАЗ ДАННЫХ",
        "year": 2006,
        "doi": "",
        "url": "/item.asp?id=12050948",
        "authors": [
            "Курочкин М.А.",
            "Попов С.Г."
        ]
    },
    {
        "name": "УПРАВЛЕНИЕ ДИНАМИЧЕСКИМИМ ОБЪЕКТАМИ С ОТКРЫТОЙ СТРУКТУРОЙ В РЕЛЯЦИОННОЙ МОДЕЛИ ДАННЫХ",
        "year": 2006,
        "doi": "",
        "url": "/item.asp?id=12050949",
        "authors": [
            "Петрова М.А.",
            "Курочкин М.А."
        ]
    },
    {
        "name": "TEACHING STRATEGIES AND ONTOLOGIES FOR E-LEARNING",
        "year": 2004,
        "doi": "",
        "url": "/item.asp?id=25489852",
        "authors": [
            "Gavrilova T.",
            "Kurochkin M.",
            "Veremiev V."
        ]
    }
]