[
    {
        "name": "ПРОГРАММА УПРАВЛЕНИЯ ДАННЫМИ НА ХРАНИЛИЩАХ В РАМКАХ ПРОЕКТОВ, В СОСТАВЕ ПОДСИСТЕМЫ \"БЕЗОПАСНОСТЬ И УПРАВЛЕНИЕ ДОСТУПОМ\" В СОСТАВЕ ПЛАТФОРМЫ ВИРТУАЛЬНОЙ РАЗРАБОТКИ, ИСПЫТАНИЙ, ПОДДЕРЖКИ ЦИФРОВЫХ ДВОЙНИКОВ",
        "year": 2022,
        "doi": "",
        "url": "/item.asp?id=47784053",
        "authors": [
            "Боровков А.И.",
            "Агафонов С.С.",
            "Скопин П.В.",
            "Лукашин А.А.",
            "Стручков И.В."
        ]
    },
    {
        "name": "ПРОГРАММА ВЫПОЛНЕНИЯ ПЕРЕСЧЕТА СТАТИСТИЧЕСКИХ МОДЕЛЕЙ ФОРМИРОВАНИЯ АКТУАЛЬНЫХ РЕКОМЕНДАЦИЙ, В СОСТАВЕ ПОДСИСТЕМЫ \"ПОДСИСТЕМА \"ИНТЕЛЛЕКТУАЛЬНЫЙ ПОМОЩНИК\" В СОСТАВЕ ПЛАТФОРМЫ ВИРТУАЛЬНОЙ РАЗРАБОТКИ, ИСПЫТАНИЙ, ПОДДЕРЖКИ ЦИФРОВЫХ ДВОЙНИКОВ",
        "year": 2022,
        "doi": "",
        "url": "/item.asp?id=47784573",
        "authors": [
            "Боровков А.И.",
            "Агафонов С.С.",
            "Скопин П.В.",
            "Рекин О.В.",
            "Лукашин А.А."
        ]
    },
    {
        "name": "ПРОГРАММА ОПРЕДЕЛЕНИЯ РАСЧЕТНОЙ МОДЕЛИ, ПРИБЛИЖАЮЩЕЙ РАСЧЕТНЫЕ ПОКАЗАТЕЛИ К ЦЕЛЕВЫМ, ПОДСИСТЕМЫ \"ИНТЕЛЛЕКТУАЛЬНЫЙ ПОМОЩНИК\" В СОСТАВЕ ПЛАТФОРМЫ ВИРТУАЛЬНОЙ РАЗРАБОТКИ, ИСПЫТАНИЙ, ПОДДЕРЖКИ ЦИФРОВЫХ ДВОЙНИКОВ",
        "year": 2021,
        "doi": "",
        "url": "/item.asp?id=46313336",
        "authors": [
            "Боровков А.И.",
            "Клявин О.И.",
            "Лукашин А.А.",
            "Стручков И.В."
        ]
    },
    {
        "name": "ПРОГРАММА ОПРЕДЕЛЕНИЯ ДОСТИЖИМОСТИ ЦЕЛЕВЫХ ПОКАЗАТЕЛЕЙ ДЛЯ КОРРЕЛИРОВАННЫХ ЗНАЧЕНИЙ, ПОДСИСТЕМЫ \"ИНТЕЛЛЕКТУАЛЬНЫЙ ПОМОЩНИК\" В СОСТАВЕ ПЛАТФОРМЫ ВИРТУАЛЬНОЙ РАЗРАБОТКИ, ИСПЫТАНИЙ, ПОДДЕРЖКИ ЦИФРОВЫХ ДВОЙНИКОВ",
        "year": 2021,
        "doi": "",
        "url": "/item.asp?id=46314037",
        "authors": [
            "Боровков А.И.",
            "Клявин О.И.",
            "Рекин О.В.",
            "Лукашин А.А."
        ]
    },
    {
        "name": "БИБЛИОТЕКА УПРАВЛЕНИЯ ПРОЦЕССОМ КОНВЕРТАЦИИ И ОБРАБОТКИ ЦИФРОВОЙ МОДЕЛИ",
        "year": 2021,
        "doi": "",
        "url": "/item.asp?id=47435531",
        "authors": [
            "Заборовский В.С.",
            "Лукашин А.А.",
            "Мулюха В.А.",
            "Ильяшенко А.С."
        ]
    },
    {
        "name": "ПРОГРАММА ДЛЯ ОБУЧЕНИЯ СИАМСКОЙ НЕЙРОННОЙ СЕТИ",
        "year": 2021,
        "doi": "",
        "url": "/item.asp?id=47435707",
        "authors": [
            "Заборовский В.С.",
            "Лукашин А.А.",
            "Мулюха В.А.",
            "Ильяшенко А.С."
        ]
    },
    {
        "name": "ПРОГРАММА РАСЧЕТА ГИСТОГРАММЫ МНОГОМЕРНОГО ОБЪЕКТА НА ГРАФИЧЕСКОМ ПРОЦЕССОРЕ",
        "year": 2021,
        "doi": "",
        "url": "/item.asp?id=47435708",
        "authors": [
            "Заборовский В.С.",
            "Лукашин А.А.",
            "Мулюха В.А.",
            "Ильяшенко А.С."
        ]
    },
    {
        "name": "ПРОГРАММА РАСЧЕТА ГИСТОГРАММЫ МНОГОМЕРНОГО ОБЪЕКТА НА ЦЕНТРАЛЬНОМ ПРОЦЕССОРЕ",
        "year": 2021,
        "doi": "",
        "url": "/item.asp?id=47436074",
        "authors": [
            "Заборовский В.С.",
            "Лукашин А.А.",
            "Мулюха В.А.",
            "Ильяшенко А.С."
        ]
    },
    {
        "name": "ПРОГРАММА РАСЧЕТА РАССТОЯНИЯ МЕЖДУ ДЕСКРИПТОРАМИ МНОГОМЕРНОГО ОБЪЕКТА",
        "year": 2021,
        "doi": "",
        "url": "/item.asp?id=47436454",
        "authors": [
            "Заборовский В.С.",
            "Лукашин А.А.",
            "Мулюха В.А.",
            "Ильяшенко А.С."
        ]
    },
    {
        "name": "ПОСТРОЕНИЕ СИСТЕМЫ РАЗГРАНИЧЕНИЯ ДОСТУПА В СЕТЕВОЙ СРЕДЕ С ДИНАМИЧЕСКИ ИЗМЕНЯЮЩИМИСЯ ПАРАМЕТРАМИ",
        "year": 2021,
        "doi": "",
        "url": "/item.asp?id=47208160",
        "authors": [
            "Лукашин А.А.",
            "Заборовский В.С."
        ]
    },
    {
        "name": "EMPLOYEE PERFORMANCE ANALYTICS APPROACH BASED ON ANOMALY DETECTION IN USER ACTIVITY",
        "year": 2021,
        "doi": "10.1007/978-981-33-6632-9_28",
        "url": "/item.asp?id=46061431",
        "authors": [
            "Lukashin A.",
            "Popov M.",
            "Timofeev D.",
            "Mikhalev I."
        ]
    },
    {
        "name": "UNCERTAINTY INTERPRETATION OF THE MACHINE LEARNING SURVIVAL MODEL PREDICTIONS",
        "year": 2021,
        "doi": "10.1109/ACCESS.2021.3108341",
        "url": "/item.asp?id=47002207",
        "authors": [
            "Utkin L.V.",
            "Zaborovsky V.S.",
            "Kovalev M.S.",
            "Konstantinov A.V.",
            "Politaeva N.A.",
            "Lukashin A.A."
        ]
    },
    {
        "name": "AGENT-BASED MODELING OF BLOCKCHAIN DECENTRALIZED FINANCIAL PROTOCOLS",
        "year": 2021,
        "doi": "",
        "url": "/item.asp?id=46115531",
        "authors": [
            "Struchkov I.",
            "Lukashin A.",
            "Kuznetsov B.",
            "Mikhalev I.",
            "Mandrusova Z."
        ]
    },
    {
        "name": "ПРОГРАММА РАСЧЕТА АГРЕГИРОВАННЫХ СТАТИСТИК ИСПОЛЬЗОВАНИЯ РЕСУРСОВ СКЦ \"ПОЛИТЕХНИЧЕСКИЙ\"",
        "year": 2020,
        "doi": "",
        "url": "/item.asp?id=42710276",
        "authors": [
            "Лукашин А.А.",
            "Ильяшенко А.С."
        ]
    },
    {
        "name": "ПРОГРАММА ПРЕДОСТАВЛЕНИЯ ЗАЩИЩЕННОГО ДОСТУПА К АГРЕГИРОВАННЫМ СТАТИСТИКАМ ИСПОЛЬЗОВАНИЯ РЕСУРСОВ СКЦ \"ПОЛИТЕХНИЧЕСКИЙ\"",
        "year": 2020,
        "doi": "",
        "url": "/item.asp?id=42710300",
        "authors": [
            "Лукашин А.А.",
            "Ильяшенко А.С."
        ]
    },
    {
        "name": "ПРОГРАММА ПРЕДОСТАВЛЕНИЯ ВЕБ-ИНТЕРФЕЙСА ДЛЯ ПОЛУЧЕНИЯ И ОТОБРАЖЕНИЯ АГРЕГИРОВАННЫХ СТАТИСТИК ИСПОЛЬЗОВАНИЯ РЕСУРСОВ СКЦ \"ПОЛИТЕХНИЧЕСКИЙ\"",
        "year": 2020,
        "doi": "",
        "url": "/item.asp?id=42710504",
        "authors": [
            "Лукашин А.А.",
            "Ильяшенко А.С."
        ]
    },
    {
        "name": "ANALYSIS AND CLASSIFICATION OF ENCRYPTED NETWORK TRAFFIC USING MACHINE LEARNING",
        "year": 2020,
        "doi": "10.1109/SCM50615.2020.9198811",
        "url": "/item.asp?id=45201486",
        "authors": [
            "Muliukha V.A.",
            "Laboshin L.U.",
            "Lukashin A.A.",
            "Nashivochnikov N.V."
        ]
    },
    {
        "name": "AN ADAPTIVE WEIGHTED DEEP SURVIVAL FOREST",
        "year": 2020,
        "doi": "10.1109/SCM50615.2020.9198755",
        "url": "/item.asp?id=45201566",
        "authors": [
            "Utkin L.V.",
            "Konstantinov A.",
            "Lukashin A.A.",
            "Muliukha V.A."
        ]
    },
    {
        "name": "ANOMALY DETECTION APPROACH IN CYBER SECURITY FOR USER AND ENTITY BEHAVIOR ANALYTICS SYSTEM",
        "year": 2020,
        "doi": "",
        "url": "/item.asp?id=45026552",
        "authors": [
            "Muliukha V.",
            "Lukashin A.",
            "Utkin L.",
            "Popov M.",
            "Meldo A."
        ]
    },
    {
        "name": "СОСТОЯНИЕ И ПЕРСПЕКТИВЫ ПРИМЕНЕНИЯ МЕТОДОВ ПОВЕДЕНЧЕСКОЙ АНАЛИТИКИ В КИБЕРБЕЗОПАСНОСТИ",
        "year": 2020,
        "doi": "",
        "url": "/item.asp?id=43926060",
        "authors": [
            "Заборовский В.С.",
            "Лукашин А.А.",
            "Максименко-Литвак С.Б.",
            "Нашивочников Н.В."
        ]
    },
    {
        "name": "РАЗРАБОТКА СИСТЕМЫ ИНФЕРЕНСА ДАННЫХ ДЛЯ ПЛАТФОРМЫ ИНТЕЛЛЕКТУАЛЬНОЙ ДИАГНОСТИКИ РАКА ЛЕГКИХ",
        "year": 2020,
        "doi": "",
        "url": "/item.asp?id=43760949",
        "authors": [
            "Белан И.Ю.",
            "Заборовский В.С.",
            "Лукашин А.А."
        ]
    },
    {
        "name": "АДАПТИВНЫЙ ВЕСОВОЙ ГЛУБОКИЙ ЛЕС ВЫЖИВАЕМОСТИ",
        "year": 2020,
        "doi": "",
        "url": "/item.asp?id=43134434",
        "authors": [
            "Уткин Л.В.",
            "Константинов А.В.",
            "Лукашин А.А.",
            "Мулюха В.А."
        ]
    },
    {
        "name": "МАШИННОЕ ОБУЧЕНИЕ ДЛЯ АНАЛИЗА И КЛАССИФИКАЦИИ ШИФРОВАННОГО СЕТЕВОГО ТРАФИКА",
        "year": 2020,
        "doi": "",
        "url": "/item.asp?id=43134438",
        "authors": [
            "Мулюха В.А.",
            "Лабошин Л.Ю.",
            "Лукашин А.А.",
            "Нашивочников Н.В."
        ]
    },
    {
        "name": "ПРОГРАММА ДЛЯ ВЕДЕНИЯ БАЗЫ ЗНАНИЙ В ПЛАТФОРМЕ ВИРТУАЛЬНОЙ РАЗРАБОТКИ И ИСПЫТАНИЙ",
        "year": 2019,
        "doi": "",
        "url": "/item.asp?id=41364999",
        "authors": [
            "Давыдов И.С.",
            "Клявин О.И.",
            "Алешин М.В.",
            "Лукашин А.А.",
            "Лукашин А.А."
        ]
    },
    {
        "name": "РЕАЛИЗАЦИЯ СИСТЕМЫ ИСКУССТВЕННОГО ИНТЕЛЛЕКТА В ДИАГНОСТИКЕ РАКА ЛЕГКОГО",
        "year": 2019,
        "doi": "",
        "url": "/item.asp?id=37198044",
        "authors": [
            "Мелдо А.А.",
            "Уткин Л.В.",
            "Трофимова Т.Н.",
            "Лукашин А.А.",
            "Рябинин М.А."
        ]
    },
    {
        "name": "ПРОБЛЕМНЫЕ ВОПРОСЫ ПРИМЕНЕНИЯ АНАЛИТИЧЕСКИХ СРЕДСТВ БЕЗОПАСНОСТИ КИБЕРФИЗИЧЕСКИХ СИСТЕМ ПРЕДПРИЯТИЙ ТЭК",
        "year": 2019,
        "doi": "10.21681/2311-3456-2019-5-26-33",
        "url": "/item.asp?id=41517989",
        "authors": [
            "Нашивочников Н.В.",
            "Большаков А.А.",
            "Николашин Ю.А.",
            "Лукашин А.А."
        ]
    },
    {
        "name": "РАЗРАБОТКА МЕТОДА ОБЪЯСНЕНИЯ РАБОТЫ НЕЙРОННОГО КЛАССИФИКАТОРА НА БАЗЕ АЛГОРИТМА LIME",
        "year": 2019,
        "doi": "",
        "url": "/item.asp?id=41391710",
        "authors": [
            "Иванов Ю.А.",
            "Лукашин А.А.",
            "Чуватов М.В."
        ]
    },
    {
        "name": "РАЗРАБОТКА МЕТОДИКИ ПОДГОТОВКИ ОБУЧАЮЩЕЙ ВЫБОРКИ СЕГМЕНТИРОВАННЫХ ДАННЫХ КОМПЬЮТЕРНОЙ ТОМОГРАФИИ ДЛЯ РЕШЕНИЯ ЗАДАЧ ИНТЕЛЛЕКТУАЛЬНОЙ ДИАГНОСТИКИ",
        "year": 2019,
        "doi": "",
        "url": "/item.asp?id=41391713",
        "authors": [
            "Колесникова А.А.",
            "Лукашин А.А.",
            "Курочкин Л.М."
        ]
    },
    {
        "name": "ЭВОЛЮЦИЯ ИСКУССТВЕННОГО ИНТЕЛЛЕКТА В ДИАГНОСТИКЕ РАКА ЛЕГКОГО",
        "year": 2018,
        "doi": "",
        "url": "/item.asp?id=37013363",
        "authors": [
            "Мелдо А.А.",
            "Уткин Л.В.",
            "Прохоров И.Ю.",
            "Рябинин М.А.",
            "Богданов А.А.",
            "Лукашин А.А.",
            "Моисеенко В.М.",
            "Жук К.Д."
        ]
    },
    {
        "name": "МЕТОДИКА ПЛАНИРОВАНИЯ МНОГОВАРИАНТНОГО РАСЧЕТА ХАРАКТЕРИСТИК КВАНТОВОГО ДАТЧИКА ВРАЩЕНИЯ НА СУПЕРКОМПЬЮТЕРНОМ КЛАСТЕРЕ",
        "year": 2018,
        "doi": "",
        "url": "/item.asp?id=36561674",
        "authors": [
            "Лукашин А.А.",
            "Ильяшенко А.С.",
            "Воскобойников С.П.",
            "Устинов С.М."
        ]
    },
    {
        "name": "A SIAMESE AUTOENCODER PRESERVING DISTANCES FOR ANOMALY DETECTION IN MULTI-ROBOT SYSTEMS",
        "year": 2017,
        "doi": "10.1109/ICCAIRO.2017.17",
        "url": "/item.asp?id=35484803",
        "authors": [
            "Utkin L.V.",
            "Zaborovsky V.S.",
            "Lukashin A.A.",
            "Popov S.G.",
            "Podolskaja A.V."
        ]
    },
    {
        "name": "АСПЕКТЫ ПРИМЕНЕНИЯ СУПЕРКОМПЬЮТЕРОВ В ЗАДАЧАХ МАШИННОГО ОБУЧЕНИЯ",
        "year": 2017,
        "doi": "",
        "url": "/item.asp?id=35657116",
        "authors": [
            "Кучуков Д.А.",
            "Лукашин А.А."
        ]
    },
    {
        "name": "THE BIG DATA APPROACH TO COLLECTING AND ANALYZING TRAFFIC DATA IN LARGE SCALE NETWORKS",
        "year": 2017,
        "doi": "10.1016/j.procs.2017.01.048",
        "url": "/item.asp?id=29486067",
        "authors": [
            "Laboshin L.U.",
            "Lukashin A.A.",
            "Zaborovsky V.S."
        ]
    },
    {
        "name": "RETRIAL QUEUEING SYSTEMS IN SERIES OF SPACE EXPERIMENTS \"KONTUR\"",
        "year": 2017,
        "doi": "10.1016/j.procs.2017.01.061",
        "url": "/item.asp?id=29483335",
        "authors": [
            "Zayats O.",
            "Korenevskaya M.",
            "Ilyashenko A.",
            "Lukashin A."
        ]
    },
    {
        "name": "ALGORITHMS FOR PLANNING RESOURCE-INTENSIVE COMPUTING TASKS IN A HYBRID SUPERCOMPUTER ENVIRONMENT FOR SIMULATING THE CHARACTERISTICS OF A QUANTUM ROTATION SENSOR AND PERFORMING ENGINEERING CALCULATIONS",
        "year": 2017,
        "doi": "10.3103/S0146411617060049",
        "url": "/item.asp?id=35530570",
        "authors": [
            "Ilyashenko A.S.",
            "Lukashin A.A.",
            "Zaborovsky V.S."
        ]
    },
    {
        "name": "РАЗРАБОТКА РАСПРЕДЕЛЕННОЙ СИСТЕМЫ УПРАВЛЕНИЯ РОБОТАМИ",
        "year": 2016,
        "doi": "",
        "url": "/item.asp?id=30310170",
        "authors": [
            "Домрачев Д.А.",
            "Лукашин А.А."
        ]
    },
    {
        "name": "РАЗРАБОТКА ПРОТОТИПА РАСПРЕДЕЛЕННОЙ СИСТЕМЫ ГРУППОВОГО УПРАВЛЕНИЯ РОБОТАМИ",
        "year": 2016,
        "doi": "",
        "url": "/item.asp?id=25287969",
        "authors": [
            "Калугин Н.В.",
            "Домрачев Д.А.",
            "Лукашин А.А."
        ]
    },
    {
        "name": "МОДЕЛИ И МЕТОДЫ УПРАВЛЕНИЯ РОБОТАМИ С ПОМОЩЬЮ ЕСТЕСТВЕННГО ЯЗЫКА С ИСПОЛЬЗОВАНИЕМ ОБЛАЧНЫХ ВЫЧИСЛЕНИЙ",
        "year": 2016,
        "doi": "",
        "url": "/item.asp?id=30310175",
        "authors": [
            "Романюк И.С.",
            "Лукашин А.А."
        ]
    },
    {
        "name": "СКЦ \"ПОЛИТЕХНИЧЕСКИЙ\" - ВЫЧИСЛИТЕЛЬНЫЕ И ИНТЕЛЛЕКТУАЛЬНЫЕ СЕРВИСЫ СПБПУ",
        "year": 2016,
        "doi": "",
        "url": "/item.asp?id=35387328",
        "authors": [
            "Заборовский В.С.",
            "Лукашин А.А."
        ]
    },
    {
        "name": "СКЦ \"ПОЛИТЕХНИЧЕСКИЙ\" - ГЕТЕРОГЕННЫЕ СУПЕРКОМПЬЮТЕРНЫЕ СИСТЕМЫ ДЛЯ РАЗВИТИЯ ИНДУСТРИИ 4.0",
        "year": 2016,
        "doi": "",
        "url": "/item.asp?id=29708401",
        "authors": [
            "Заборовский В.С.",
            "Лукашин А.А."
        ]
    },
    {
        "name": "ОБЕСПЕЧЕНИЕ КИБЕРБЕЗОПАСНОСТИСЕТЕВОГО ТРАФИКА С ПОМОЩЬЮ ТЕХНОЛОГИЙ ОБРАБОТКИ БОЛЬШИХ ДАННЫХ",
        "year": 2016,
        "doi": "",
        "url": "/item.asp?id=27541340",
        "authors": [
            "Лукашин А.А.",
            "Заборовский В.С.",
            "Лабошин Л.Ю."
        ]
    },
    {
        "name": "CYBER-PHYSICAL APPROACH TO THE NETWORK-CENTRIC ROBOTICS CONTROL TASK",
        "year": 2016,
        "doi": "10.1063/1.4965420",
        "url": "/item.asp?id=27578252",
        "authors": [
            "Muliukha V.",
            "Ilyashenko A.",
            "Zaborovsky V.",
            "Lukashin A."
        ]
    },
    {
        "name": "ОБЕСПЕЧЕНИЕ КИБЕРБЕЗОПАСНОСТИ СЕТЕВОГО ТРАФИКА С ПОМОЩЬЮ ТЕХНОЛОГИЙ ОБРАБОТКИ БОЛЬШИХ ДАННЫХ",
        "year": 2016,
        "doi": "",
        "url": "/item.asp?id=36546737",
        "authors": [
            "Лукашин А.А.",
            "Заборовский В.С.",
            "Лабошин Л.Ю."
        ]
    },
    {
        "name": "РАЗРАБОТКА МУЛЬТИАГЕНТНОЙ РАСПРЕДЕЛЕННОЙ СИСТЕМЫ ГРУППОВОГО УПРАВЛЕНИЯ РОБОТАМИ",
        "year": 2015,
        "doi": "",
        "url": "/item.asp?id=26431847",
        "authors": [
            "Калугин Н.В.",
            "Домрачев Д.А.",
            "Лукашин А.А."
        ]
    },
    {
        "name": "КРУПНОМАСШТАБНЫЕ ВЫЧИСЛИТЕЛЬНЫЕ ТЕХНОЛОГИИ В НАУКЕ И ТЕХНИКЕ: СУПЕРКОМПЬЮТЕРЫ, ОБЛАЧНЫЕ ВЫЧИСЛЕНИЯ И ОБРАБОТКА БОЛЬШИХ ДАННЫХ",
        "year": 2015,
        "doi": "",
        "url": "/item.asp?id=25405922",
        "authors": [
            "Лукашин А.А."
        ]
    },
    {
        "name": "ALTERNATING PRIORITIES QUEUEING SYSTEM WITH RANDOMIZED PUSH-OUT MECHANISM",
        "year": 2015,
        "doi": "10.1007/978-3-319-23126-6_38",
        "url": "/item.asp?id=26920401",
        "authors": [
            "Ilyashenko A.",
            "Zayats O.",
            "Muliukha V.",
            "Lukashin A."
        ]
    },
    {
        "name": "MODEL OF HIDDEN IT SECURITY THREATS IN THE CLOUD COMPUTING ENVIRONMENT",
        "year": 2015,
        "doi": "10.3103/S0146411615080295",
        "url": "/item.asp?id=26854639",
        "authors": [
            "Molyakov A.S.",
            "Zaborovsky V.S.",
            "Lukashin A.A."
        ]
    },
    {
        "name": "УПРАВЛЕНИЕ ГРУППИРОВКАМИ КИБЕРФИЗИЧЕСКИХ ОБЪЕКТОВ В СРЕДЕ ОБЛАЧНЫХ ВЫЧИСЛЕНИЙ",
        "year": 2015,
        "doi": "",
        "url": "/item.asp?id=25360691",
        "authors": [
            "Заборовский В.С.",
            "Мулюха В.А.",
            "Лукашин А.А.",
            "Ильяшенко А.С."
        ]
    },
    {
        "name": "ПРИМЕНЕНИЕ ТЕХНОЛОГИИ MAPREDUCE ДЛЯ КОНТРОЛЯ ДОСТУПА К ИНФОРМАЦИОННЫМ РЕСУРСАМ В КОРПОРАТИВНЫХ СЕТЯХ",
        "year": 2015,
        "doi": "10.5862/JCSTCS.217-222.3",
        "url": "/item.asp?id=23728599",
        "authors": [
            "Лабошин Л.Ю.",
            "Лукашин А.А.",
            "Заборовский В.С."
        ]
    },
    {
        "name": "ЭКТОРНЫЙ ПОДХОД К РЕАЛИЗАЦИИ ИНФОРМАЦИОННОГО ВЗАИМОДЕЙСТВИЯ КИБЕРФИЗИЧЕСКИХ ОБЪЕКТОВ",
        "year": 2015,
        "doi": "",
        "url": "/item.asp?id=26606242",
        "authors": [
            "Заборовский В.С.",
            "Мулюха В.А.",
            "Лукашин А.А."
        ]
    },
    {
        "name": "СИСТЕМА УПРАВЛЕНИЯ РАСПРЕДЕЛЕННЫМ КОЛЛЕКТИВОМ РОБОТОВ",
        "year": 2015,
        "doi": "",
        "url": "/item.asp?id=26606280",
        "authors": [
            "Ильяшенко А.С.",
            "Лабошин Л.Ю.",
            "Лукашин‌ А.А."
        ]
    },
    {
        "name": "ОБЕСПЕЧЕНИЕ ИНФОРМАЦИОННОЙ БЕЗОПАСНОСТИ СЕТЕЦЕНТРИЧЕСКИХ ГРУППИРОВОК КИБЕРФИЗИЧЕСКИХ ОБЪЕКТОВ",
        "year": 2015,
        "doi": "",
        "url": "/item.asp?id=36546593",
        "authors": [
            "Заборовский В.С.",
            "Мулюха В.А.",
            "Лукашин А.А."
        ]
    },
    {
        "name": "DISTRIBUTED PACKET TRACE PROCESSING METHOD FOR INFORMATION SECURITY ANALYSIS",
        "year": 2014,
        "doi": "10.1007/978-3-319-10353-2_49",
        "url": "/item.asp?id=23981252",
        "authors": [
            "Lukashin A.",
            "Laboshin L.",
            "Zaborovsky V.",
            "Mulukha V."
        ]
    },
    {
        "name": "RESOURCE SCHEDULER BASED ON MULTI-AGENT MODEL AND INTELLIGENT CONTROL SYSTEM FOR OPENSTACK",
        "year": 2014,
        "doi": "10.1007/978-3-319-10353-2_51",
        "url": "/item.asp?id=23981123",
        "authors": [
            "Lukashin A."
        ]
    },
    {
        "name": "МУЛЬТИГРАФОВАЯ МОДЕЛЬ ОПЕРАЦИЙ ДЛЯ ЗАЩИТЫ СРЕДЫ ОБЛАЧНЫХ ВЫЧИСЛЕНИЙ ОТ СКРЫТЫХ УГРОЗ ИНФОРМАЦИОННОЙ БЕЗОПАСНОСТИ",
        "year": 2014,
        "doi": "",
        "url": "/item.asp?id=21946386",
        "authors": [
            "Моляков А.С.",
            "Заборовский В.С.",
            "Лукашин А.А."
        ]
    },
    {
        "name": "МОДЕЛЬ СКРЫТЫХ УГРОЗ ИНФОРМАЦИОННОЙ БЕЗОПАСНОСТИ В СРЕДЕ ОБЛАЧНЫХ ВЫЧИСЛЕНИЙ",
        "year": 2014,
        "doi": "",
        "url": "/item.asp?id=21946387",
        "authors": [
            "Моляков А.С.",
            "Заборовский В.С.",
            "Лукашин А.А."
        ]
    },
    {
        "name": "ПЛАТФОРМА УПРАВЛЕНИЯ КИБЕРФИЗИЧЕСКИМИ ОБЪЕКТАМИ",
        "year": 2014,
        "doi": "",
        "url": "/item.asp?id=22507614",
        "authors": [
            "Заборовский В.",
            "Лукашин А.",
            "Мулюха В."
        ]
    },
    {
        "name": "СЕТЕЦЕНТРИЧЕСКИЙ МЕТОД ОРГАНИЗАЦИИ ИНФОРМАЦИОННОГО ВЗАИМОДЕЙСТВИЯ КИБЕРФИЗИЧЕСКИХ ОБЪЕКТОВ В СРЕДЕ ОБЛАЧНЫХ ВЫЧИСЛЕНИЙ",
        "year": 2014,
        "doi": "",
        "url": "/item.asp?id=21981391",
        "authors": [
            "Мулюха В.А.",
            "Заборовский В.С.",
            "Ильяшенко А.С.",
            "Лукашин А.А."
        ]
    },
    {
        "name": "СЕТЕЦЕНТРИЧЕСКИЙ МЕТОД ОРГАНИЗАЦИИ ИНФОРМАЦИОННОГО ВЗАИМОДЕЙСТВИЯ КИБЕРФИЗИЧЕСКИХ ОБЪЕКТОВ В СРЕДЕ ОБЛАЧНЫХ ВЫЧИСЛЕНИЙ",
        "year": 2014,
        "doi": "",
        "url": "/item.asp?id=27012798",
        "authors": [
            "Мулюха В.А.",
            "Заборовский В.С.",
            "Ильяшенко А.С.",
            "Лукашин А.А."
        ]
    },
    {
        "name": "ЗАЩИЩЕННАЯ ПЛАТФОРМА ОБЛАЧНЫХ ВЫЧИСЛЕНИЙ ДЛЯ ЗАДАЧ КОМПЬЮТЕРНОГО ИНЖИНИРИНГА",
        "year": 2013,
        "doi": "",
        "url": "/item.asp?id=22446813",
        "authors": [
            "Заборовский В.С.",
            "Лукашин А.А.",
            "Ильяшенко А.С."
        ]
    },
    {
        "name": "ADAGE MOBILE SERVICES FOR ITS INFRASTRUCTURE",
        "year": 2013,
        "doi": "10.1109/ITST.2013.6685533",
        "url": "/item.asp?id=21911788",
        "authors": [
            "Zaborovskiy V.S.",
            "Lukashin A.A.",
            "Popov S.G.",
            "Vostrov A.V."
        ]
    },
    {
        "name": "ИССЛЕДОВАНИЕ ВОЗМОЖНОСТИ ПРЕДОСТАВЛЕНИЯ РЕКОНФИГУРИРУЕМЫХ ВЫЧИСЛИТЕЛЬНЫХ РЕСУРСОВ НА БАЗЕ ПЛИС В ВИДЕ ОБЛАЧНОГО СЕРВИСА",
        "year": 2013,
        "doi": "",
        "url": "/item.asp?id=22446817",
        "authors": [
            "Горбунов В.С.",
            "Лабошин Л.Ю.",
            "Лукашин А.А.",
            "Титов А.Г."
        ]
    },
    {
        "name": "ВЫСОКОПРОИЗВОДИТЕЛЬНАЯ ЗАЩИЩЕННАЯ ОБЛАЧНАЯ СРЕДА",
        "year": 2013,
        "doi": "",
        "url": "/item.asp?id=21533487",
        "authors": [
            "Заборовский В.",
            "Лукашин А."
        ]
    },
    {
        "name": "ОБЕСПЕЧЕНИЕ ИНФОРМАЦИОННОЙ БЕЗОПАСНОСТИ СИСТЕМ С СЕТЕЦЕНТРИЧЕСКОЙ АРХИТЕКТУРОЙ В СРЕДЕ ОБЛАЧНЫХ ВЫЧИСЛЕНИЙ",
        "year": 2013,
        "doi": "",
        "url": "/item.asp?id=20296925",
        "authors": [
            "Юферев В.В.",
            "Емелин В.И.",
            "Лукашин А.А."
        ]
    },
    {
        "name": "СИСТЕМА ЗАЩИТЫ ИНФОРМАЦИОННЫХ СЕРВИСОВ В СРЕДЕ ОБЛАЧНЫХ ВЫЧИСЛЕНИЙ",
        "year": 2013,
        "doi": "",
        "url": "/item.asp?id=18866393",
        "authors": [
            "Лукашин А.А.",
            "Заборовский В.С."
        ]
    },
    {
        "name": "О ВОЗМОЖНОСТИ ВНЕДРЕНИЯ ТЕХНОЛОГИЙ ОБЛАЧНЫХ ВЫЧИСЛЕНИЙ В ВЕДОМСТВЕННЫХ (КОРПОРАТИВНЫХ) РАСПРЕДЕЛЕННЫХ АВТОМАТИЗИРОВАННЫХ ИНФОРМАЦИОННЫХ СИСТЕМАХ",
        "year": 2013,
        "doi": "",
        "url": "/item.asp?id=20321361",
        "authors": [
            "Заборовский В.С.",
            "Лукашин А.А.",
            "Скиба В.Ю."
        ]
    },
    {
        "name": "СИСТЕМА ЗАЩИТЫ ИНФОРМАЦИОННОГО ВЗАИМОДЕЙСТВИЯ В СРЕДЕ ОБЛАЧНЫХ ВЫЧИСЛЕНИЙ",
        "year": 2012,
        "doi": "",
        "url": "/item.asp?id=19287525",
        "authors": [
            "Лукашин А.А."
        ]
    },
    {
        "name": "СИСТЕМА ЗАЩИТЫ ИНФОРМАЦИОННОГО ВЗАИМОДЕЙСТВИЯ В СРЕДЕ ОБЛАЧНЫХ ВЫЧИСЛЕНИЙ",
        "year": 2012,
        "doi": "",
        "url": "/item.asp?id=19392403",
        "authors": [
            "Лукашин А.А."
        ]
    },
    {
        "name": "СЕТЕЦЕНТРИЧЕСКАЯ МОДЕЛЬ И МЕТОДЫ КОНТРОЛЯ ДОСТУПА К ИНФОРМАЦИОННЫМ РЕСУРСАМ В СРЕДЕ ОБЛАЧНЫХ ВЫЧИСЛЕНИЙ",
        "year": 2012,
        "doi": "",
        "url": "/item.asp?id=17900747",
        "authors": [
            "Заборовский В.С.",
            "Лукашин А.А."
        ]
    },
    {
        "name": "СИСТЕМА КОНТРОЛЯ ДОСТУПА В СРЕДЕ ОБЛАЧНЫХ ВЫЧИСЛЕНИЙ",
        "year": 2012,
        "doi": "",
        "url": "/item.asp?id=17925938",
        "authors": [
            "Заборовский В.С.",
            "Лукашин А.А."
        ]
    },
    {
        "name": "ПОДДЕРЖКА ВЫЧИСЛЕНИЙ НА ГРАФИЧЕСКИХ УСКОРИТЕЛЯХ В ВИРТУАЛЬНОЙ СРЕДЕ XEN ДЛЯ ОБРАБОТКИ ПОТОКОВ ДАННЫХ РОБОТОТЕХНИЧЕСКИХ СИСТЕМ",
        "year": 2012,
        "doi": "",
        "url": "/item.asp?id=18314868",
        "authors": [
            "Лабошин Л.Ю.",
            "Лукашин А.А.",
            "Семеновский В.Б."
        ]
    },
    {
        "name": "DYNAMIC ACCESS CONTROL IN CLOUD SERVICES",
        "year": 2011,
        "doi": "10.1109/ICSMC.2011.6083854",
        "url": "/item.asp?id=18031019",
        "authors": [
            "Zaborovsky V.",
            "Lukashin A.",
            "Kupreenko S.",
            "Mulukha V."
        ]
    },
    {
        "name": "АРХИТЕКТУРА СИСТЕМЫ РАЗГРАНИЧЕНИЯ ДОСТУПА К РЕСУРСАМ ГЕТЕРОГЕННОЙ ВЫЧИСЛИТЕЛЬНОЙ СРЕДЫ НА ОСНОВЕ КОНТРОЛЯ ВИРТУАЛЬНЫХ СОЕДИНЕНИЙ",
        "year": 2011,
        "doi": "",
        "url": "/item.asp?id=22641205",
        "authors": [
            "Заборовский В.С.",
            "Лукашин А.А.",
            "Купреенко С.В.",
            "Мулюха В.А."
        ]
    },
    {
        "name": "ACCESS ISOLATION MECHANISM BASED ON VIRTUAL CONNECTION MANAGEMENT IN CLOUD SYSTEMS: HOW TO SECURE CLOUD SYSTEM USING HIGH PERFOMANCE VIRTUAL FIREWALLS",
        "year": 2011,
        "doi": "",
        "url": "/item.asp?id=20524737",
        "authors": [
            "Lukashin A.",
            "Zaborovsky V.",
            "Kupreenko S."
        ]
    },
    {
        "name": "АРХИТЕКТУРА СИСТЕМЫ РАЗГРАНИЧЕНИЯ ДОСТУПА К РЕСУРСАМ ГЕТЕРОГЕННОЙ ВЫЧИСЛИТЕЛЬНОЙ СРЕДЫ НА ОСНОВЕ КОНТРОЛЯ ВИРТУАЛЬНЫХ СОЕДИНЕНИЙ",
        "year": 2011,
        "doi": "",
        "url": "/item.asp?id=18863047",
        "authors": [
            "Заборовский В.С.",
            "Лукашин А.А.",
            "Купреенко С.В.",
            "Мулюха В.А."
        ]
    },
    {
        "name": "АРХИТЕКТУРА СЕРВИСА ДЛЯ РЕШЕНИЯ РЕСУРСОЕМКИХ ЗАДАЧ В РАСПРЕДЕЛЕННОЙ ВЫЧИСЛИТЕЛЬНОЙ СРЕДЕ",
        "year": 2011,
        "doi": "",
        "url": "/item.asp?id=16927166",
        "authors": [
            "Лукашин А.А.",
            "Лукашин А.А.",
            "Тютин Б.В.",
            "Котляров В.П."
        ]
    }
]