[
    {
        "name": "A STUDY OF A TRAJECTORY SYNTHESIS METHOD FOR A CYCLIC CHANGEABLE TARGET IN AN ENVIRONMENT WITH PERIODIC DYNAMICS OF PROPERTIES",
        "year": 2020,
        "doi": "10.1007/978-3-030-32579-4_10",
        "url": "/item.asp?id=43222201",
        "authors": [
            "Motorin D.",
            "Popov S.",
            "Glazunov V.",
            "Chuvatov M."
        ]
    },
    {
        "name": "ИССЛЕДОВАНИЕ ПОЛИМОДЕЛЬНОГО КОМПЛЕКСА СИСТЕМЫ ПЛАНИРОВАНИЯ ДВИЖЕНИЯ ГЕТЕРОГЕННОЙ ГРУППЫ АВТОНОМНЫХ РОБОТОВ В УСЛОВИЯХ ПРОСТРАНСТВЕННО-СИТУАЦИОННОЙ НЕОПРЕДЕЛЕННОСТИ",
        "year": 2019,
        "doi": "10.31776/RTCJ.7405",
        "url": "/item.asp?id=41442721",
        "authors": [
            "Моторин Д.Е."
        ]
    },
    {
        "name": "ПРОГРАММА ДЛЯ УПРАВЛЕНИЯ БЕСПРОВОДНЫМИ СОЕДИНЕНИЯМИ ТРАНСПОРТНЫХ СРЕДСТВ С ОБЛАЧНЫМИ ИНФОРМАЦИОННЫМИ СЕРВИСАМИ",
        "year": 2018,
        "doi": "",
        "url": "/item.asp?id=39291909",
        "authors": [
            "Глазунов В.В.",
            "Курочкин Л.М.",
            "Моторин Д.Е.",
            "Попов С.Г.",
            "Чуватов М.В."
        ]
    },
    {
        "name": "ПРОГРАММА МОДЕЛИРОВАНИЯ РЕШЕНИЯ ТРАНСПОРТНОЙ ЗАДАЧИ ДЛЯ ГРУППЫ РОБОТОВ В УСЛОВИЯХ ПРОСТРАНСТВЕННО-СИТУАЦИОННОЙ НЕОПРЕДЕЛЕННОСТИ",
        "year": 2018,
        "doi": "",
        "url": "/item.asp?id=39291998",
        "authors": [
            "Востров А.В.",
            "Курочкин М.А.",
            "Моторин Д.Е.",
            "Попов С.Г.",
            "Чуватов М.В."
        ]
    },
    {
        "name": "ПРОГРАММА ПЛАНИРОВАНИЯ ПЕРЕДАЧИ ДАННЫХ В ГЕТЕРОГЕННЫХ БЕСПРОВОДНЫХ СЕТЯХ ТРАНСПОРТНЫХ СРЕДСТВ",
        "year": 2018,
        "doi": "",
        "url": "/item.asp?id=39301189",
        "authors": [
            "Курочкин М.А.",
            "Моторин Д.Е.",
            "Попов С.Г.",
            "Чуватов М.В.",
            "Шарагин М.П."
        ]
    },
    {
        "name": "МЕТОД СИНТЕЗА ТРАЕКТОРИИ ДВИЖЕНИЯ РОБОТА В УСЛОВИЯХ ПРОСТРАНСТВЕННО-СИТУАЦИОННОЙ НЕОПРЕДЕЛЕННОСТИ ПРИ РЕШЕНИИ ЦИКЛИЧЕСКИХ ЗАДАЧ",
        "year": 2018,
        "doi": "",
        "url": "/item.asp?id=38224687",
        "authors": [
            "Моторин Д.Е."
        ]
    },
    {
        "name": "МЕТОДЫ ПЛАНИРОВАНИЯ ТРАНСПОРТНЫХ ОПЕРАЦИЙ РОБОТОВ В УСЛОВИЯХ ПРОСТРАНСТВЕННО-СИТУАЦИОННОЙ НЕОПРЕДЕЛЕННОСТИ",
        "year": 2018,
        "doi": "",
        "url": "/item.asp?id=36488053",
        "authors": [
            "Моторин Д.Е.",
            "Попов С.Г.",
            "Заборовский В.С."
        ]
    },
    {
        "name": "АЛГОРИТМ МНОГОКРИТЕРИАЛЬНОГО ПОИСКА ТРАЕКТОРИЙ ДВИЖЕНИЯ РОБОТА НА МНОГОСЛОЙНОЙ КАРТЕ",
        "year": 2018,
        "doi": "10.15217/issn1684-8853.2018.3.45",
        "url": "/item.asp?id=35097880",
        "authors": [
            "Моторин Д.Е.",
            "Попов С.Г."
        ]
    },
    {
        "name": "ИССЛЕДОВАНИЕ АЛГОРИТМА СОГЛАСОВАНИЯ ГЛОБАЛЬНЫХ И ЛОКАЛЬНЫХ ТРАЕКТОРИЙ ДВИЖЕНИЯ РОБОТА НА РАЗНОМАСШТАБНЫХ КАРТАХ",
        "year": 2018,
        "doi": "",
        "url": "/item.asp?id=35619866",
        "authors": [
            "Моторин Д.Е.",
            "Попов С.Г.",
            "Курочкин М.А.",
            "Тучков А.С."
        ]
    },
    {
        "name": "A STUDY OF THE EVALUATION FUNCTION FOR THE COST OF TRANSPORT OPERATIONS IN DISTRIBUTION OF PURPOSE IN A GROUP OF ROBOTS",
        "year": 2017,
        "doi": "10.1109/SCM.2017.7970642",
        "url": "/item.asp?id=31048526",
        "authors": [
            "Motorin D.E.",
            "Popov S.G.",
            "Chuvatov M.V.",
            "Kurochkin M.A.",
            "Kurochkin L.M."
        ]
    },
    {
        "name": "АЛГОРИТМ РАЗРЕШЕНИЯ КОЛЛИЗИЙ ПРИ ПЛАНИРОВАНИИ ДВИЖЕНИЯ ГРУППЫ РОБОТОВ В УСЛОВИЯХ ПРОСТРАНСТВЕННО-СИТУАЦИОННОЙ НЕОПРЕДЕЛЁННОСТИ",
        "year": 2017,
        "doi": "10.18721/JCSTCS.10203",
        "url": "/item.asp?id=29672738",
        "authors": [
            "Моторин Д.Е.",
            "Попов С.Г.",
            "Курочкин Л.М."
        ]
    },
    {
        "name": "ИССЛЕДОВАНИЕ ФУНКЦИЙ ОЦЕНКИ ЗАТРАТ ВЫПОЛНЕНИЯ ТРАНСПОРТНЫХ ОПЕРАЦИЙ ПРИ РАСПРЕДЕЛЕНИИ ЦЕЛЕЙ В ГРУППЕ РОБОТОВ",
        "year": 2017,
        "doi": "",
        "url": "/item.asp?id=29902245",
        "authors": [
            "Моторин Д.Е.",
            "Попов С.Г.",
            "Чуватов М.В.",
            "Курочкин М.А.",
            "Курочкин Л.М."
        ]
    },
    {
        "name": "COLLISION-FREE PATH PLANNING ALGORITHM FOR GROUP OF ROBOTS IN SPATIO-SITUATIONAL UNCERTAINTY",
        "year": 2017,
        "doi": "",
        "url": "/item.asp?id=35119597",
        "authors": [
            "Motorin D.",
            "Popov S.",
            "Muliukha V."
        ]
    },
    {
        "name": "ПОСТАНОВКА ЗАДАЧИ РАСПРЕДЕЛЕННОГО УПРАВЛЕНИЯ ГРУППОЙ ГЕТРОГЕННЫХ РОБОТОВ В УСЛОВИЯХ ДИНАМИЧЕСКОЙ СРЕДЫ",
        "year": 2016,
        "doi": "",
        "url": "/item.asp?id=28079910",
        "authors": [
            "Попов С.Г.",
            "Моторин Д.Е."
        ]
    },
    {
        "name": "ФУНКЦИИ СИСТЕМЫ РАСПРЕДЕЛЕННОГО УПРАВЛЕНИЯ ГРУППОЙ ГЕТЕРОГЕННЫХ РОБОТОВ В УСЛОВИЯХ ДИНАМИЧЕСКОЙ СРЕДЫ",
        "year": 2016,
        "doi": "",
        "url": "/item.asp?id=30310171",
        "authors": [
            "Моторин Д.Е.",
            "Попов С.Г."
        ]
    },
    {
        "name": "ИССЛЕДОВАНИЕ АЛГОРИТМОВ ИНДИВИДУАЛЬНОЙ И ГРУППОВОЙ СТРАТЕГИЙ ДВИЖЕНИЯ АВТОНОМНЫХ МОБИЛЬНЫХ РОБОТОВ НА ДИНАМИЧЕСКОЙ КАРТЕ",
        "year": 2016,
        "doi": "10.5862/JCSTCS.241.5",
        "url": "/item.asp?id=26426711",
        "authors": [
            "Попов С.Г.",
            "Моторин Д.Е."
        ]
    },
    {
        "name": "УПРАВЛЕНИЕ ДВИЖЕНИЕМ ШЕСТИНОГОГО ШАГАЮЩЕГО РОБОТА",
        "year": 2014,
        "doi": "",
        "url": "/item.asp?id=27012809",
        "authors": [
            "Моторин Д.Е."
        ]
    }
]