[
    {
        "name": "ТЕХНОЛОГИЯ УПАКОВКИ БИТОВЫХ ПОЛЕЙ В ВЫСОКОУРОВНЕВОМ СИНТЕЗЕ АППАРАТНОГО УСКОРИТЕЛЯ",
        "year": 2022,
        "doi": "",
        "url": "/item.asp?id=48454821",
        "authors": [
            "Маляренко М.Д.",
            "Попов С.Г."
        ]
    },
    {
        "name": "АЛГОРИТМ ПЕРЕРАСПРЕДЕЛЕНИЯ ДАННЫХ В РАСПРЕДЕЛЁННОЙ СУБД",
        "year": 2022,
        "doi": "",
        "url": "/item.asp?id=48454842",
        "authors": [
            "Печеный Н.А.",
            "Попов С.Г."
        ]
    },
    {
        "name": "ПРОГРАММНЫЙ КОМПЛЕКС МОДЕЛИРОВАНИЯ И ОТОБРАЖЕНИЯ ТРАЕКТРОИЙ ДВИЖЕНИЯ СУДОВ В ЛЕДОВОЙ ОБСТАНОВКЕ",
        "year": 2022,
        "doi": "",
        "url": "/item.asp?id=49977060",
        "authors": [
            "Лапшин К.В.",
            "Заборовский В.С.",
            "Попов С.Г."
        ]
    },
    {
        "name": "СРЕДА ИНТЕРАКТИВНОЙ ВИЗУАЛИЗАЦИИ ДВИЖЕНИЯ СУДОВ В УСЛОВИЯХ ЛЕДОВОЙ ОБСТАНОВКИ",
        "year": 2022,
        "doi": "",
        "url": "/item.asp?id=50477971",
        "authors": [
            "Заборовский В.С.",
            "Попов С.Г.",
            "Моторин Д.Е.",
            "Ямщиков Ю.А."
        ]
    },
    {
        "name": "METHOD AND ALGORITHMS OF TRAFFIC ROUTING IN PEER-TO-PEER WIRELESS NETWORKS OF MOBILE SUBSCRIBERS",
        "year": 2022,
        "doi": "10.1007/978-3-030-93872-7_23",
        "url": "/item.asp?id=48585270",
        "authors": [
            "Chuvatov M.",
            "Chentsova P.",
            "Popov S.",
            "Osadchiy A."
        ]
    },
    {
        "name": "STUDY THE ALGORITHM OF PATHS CALCULATION PARALLELIZATION IN THE PROBLEM OF GROUP CONTROL OF ROBOTS",
        "year": 2022,
        "doi": "10.1007/978-3-030-95120-7_18",
        "url": "/item.asp?id=48426875",
        "authors": [
            "Krasheninnikov A.",
            "Popov S."
        ]
    },
    {
        "name": "ПРОГРАММА ИНТЕЛЛЕКТУАЛЬНОГО СРАВНЕНИЯ ТРЕХМЕРНЫХ МОДЕЛЕЙ НА ОСНОВЕ НОРМИРОВАННОГО ПРЕДСТАВЛЕНИЯ, ИНВАРИАНТНОГО К РАЗМЕРУ И ПОВОРОТУ",
        "year": 2021,
        "doi": "",
        "url": "/item.asp?id=44761638",
        "authors": [
            "Мулюха В.А.",
            "Попов С.Г.",
            "Уткин Л.В.",
            "Савельева З.С.",
            "Селин И.А."
        ]
    },
    {
        "name": "ИССЛЕДОВАНИЕ АЛГОРИТМА РАСПАРАЛЛЕЛИВАНИЯ ОПРЕДЕЛЕНИЯ ПУТЕЙ В ЗАДАЧЕ ГРУППОВОГО УПРАВЛЕНИЯ РОБОТАМИ",
        "year": 2021,
        "doi": "10.21672/2074-1707.2021.55.3.098-109",
        "url": "/item.asp?id=46694696",
        "authors": [
            "Попов С.Г.",
            "Крашенинников А.С."
        ]
    },
    {
        "name": "АЛГОРИТМ ПОСТРОЕНИЯ ТРАЕКТОРИЙ ДВИЖЕНИЯ СУДОВ В ЛЕДОВОЙ ОБСТАНОВКЕ",
        "year": 2021,
        "doi": "10.52348/2712-8873_MMTT_2021_10_105",
        "url": "/item.asp?id=46704836",
        "authors": [
            "Пурий А.А.",
            "Попов С.Г."
        ]
    },
    {
        "name": "ИССЛЕДОВАНИЕ ФУНКЦИЙ ХЭШИРОВАНИЯ ДЛЯ СРАВНЕНИЯ РАСТРОВЫХ ИЗОБРАЖЕНИЙ",
        "year": 2021,
        "doi": "10.52348/2712-8873_MMTT_2021_10_120",
        "url": "/item.asp?id=46704838",
        "authors": [
            "Максимов Г.А.",
            "Попов С.Г."
        ]
    },
    {
        "name": "ИССЛЕДОВАНИЕ АЛГОРИТМА ПЕРЕРАСПРЕДЕЛЕНИЯ ДАННЫХ ТАБЛИЦ В РАСПРЕДЕЛЕННОЙ СУБД",
        "year": 2021,
        "doi": "10.52348/2712-8873_MMTT_2021_10_93",
        "url": "/item.asp?id=46704834",
        "authors": [
            "Носова В.В.",
            "Попов С.Г.",
            "Голубева И.Э."
        ]
    },
    {
        "name": "РЕШЕНИЕ ЗАДАЧИ ОПРЕДЕЛЕНИЯ ПУТЕЙ ПРИ ГРУППОВОМ УПРАВЛЕНИИ РОБОТАМИ НА ОСНОВЕ РАСПАРАЛЛЕЛИВАНИЯ ВЫЧИСЛЕНИЙ",
        "year": 2021,
        "doi": "10.52348/2712-8873_MMTT_2021_6_63",
        "url": "/item.asp?id=46676479",
        "authors": [
            "Крашенинников А.С.",
            "Попов С.Г."
        ]
    },
    {
        "name": "ИССЛЕДОВАНИЕ ИМИТАЦИОННОЙ МОДЕЛИ ТЕЛЕМАТИЧЕСКОЙ ТРАНСПОРТНОЙ СЕТИ МОБИЛЬНЫХ АБОНЕНТОВ",
        "year": 2020,
        "doi": "",
        "url": "/item.asp?id=46377473",
        "authors": [
            "Попов С.Г.",
            "Крашенинников А.С.",
            "Тучков А.С."
        ]
    },
    {
        "name": "ИССЛЕДОВАНИЕ АЛГОРИТМА МНОГОПОТОЧНОГО ПОИСКА ПУТЕЙ ГЕТЕРОГЕННОЙ ГРУППЫ АВТОНОМНЫХ МОБИЛЬНЫХ РОБОТОВ",
        "year": 2020,
        "doi": "",
        "url": "/item.asp?id=44446411",
        "authors": [
            "Попов С.Г.",
            "Крашенинников А.С.",
            "Тучков А.С.",
            "Осадчий А.И."
        ]
    },
    {
        "name": "АРХИТЕКТУРА ПРОГРАММНО-ТЕХНОЛОГИЧЕСКОЙ ПЛАТФОРМЫ ИНТЕРАКТИВНОГО СТРАТЕГИРОВАНИЯ И БИЗНЕС-АНАЛИЗА С ЭЛЕМЕНТАМИ ПРОГНОЗИРОВАНИЯ",
        "year": 2020,
        "doi": "",
        "url": "/item.asp?id=44850596",
        "authors": [
            "Попов С.Г.",
            "Самочадина Т.Н.",
            "Самочадин А.В."
        ]
    },
    {
        "name": "АЛГОРИТМ ОЦЕНКИ СТИЛЯ ВОЖДЕНИЯ ТРАНСПОРТНОГО СРЕДСТВА НА ОСНОВЕ ДАННЫХ МОБИЛЬНОГО УСТРОЙСТВА ВОДИТЕЛЯ",
        "year": 2020,
        "doi": "",
        "url": "/item.asp?id=43760948",
        "authors": [
            "Титов А.И.",
            "Попов С.Г.",
            "Голубева И.Э."
        ]
    },
    {
        "name": "ПЛАНИРОВАНИЕ ТРАНСПОРТНЫХ ОПЕРАЦИЙ ГРУППЫ ГЕТЕРОГЕННЫХ АВТОНОМНЫХ РОБОТОВ[",
        "year": 2020,
        "doi": "",
        "url": "/item.asp?id=43760942",
        "authors": [
            "Крутских А.О.",
            "Попов С.Г.",
            "Голубева И.Э."
        ]
    },
    {
        "name": "ИССЛЕДОВАНИЕ АРХИТЕКТУРЫ РАСПРЕДЕЛЕННОГО РЕЛЯЦИОННОГО ХРАНИЛИЩА БОЛЬШОГО ОБЪЁМА РАЗНОРОДНЫХ ДАННЫХ",
        "year": 2020,
        "doi": "",
        "url": "/item.asp?id=43760943",
        "authors": [
            "Лисенкова А.А.",
            "Попов С.Г.",
            "Голубева И.Э."
        ]
    },
    {
        "name": "АЛГОРИТМ СИНТЕЗА ДИНАМИЧЕСКИХ ТРАЕКТОРИЙ ПЕРЕМЕЩЕНИЯ ГРУЗОВ ДЕЛЬТА-РОБОТОМ",
        "year": 2020,
        "doi": "",
        "url": "/item.asp?id=43760945",
        "authors": [
            "Нестеренко П.А.",
            "Попов С.Г.",
            "Голубева И.Э."
        ]
    },
    {
        "name": "О ПРОБЛЕМЕ ВЫЧИСЛИМОСТИ КОГНИТИВНЫХ ФУНКЦИЙ ОГРАНИЧЕННОЙ РАЦИОНАЛЬНОСТИ",
        "year": 2020,
        "doi": "",
        "url": "/item.asp?id=44502547",
        "authors": [
            "Заборовский В.С.",
            "Полянский В.А.",
            "Попов С.Г.",
            "Новопашенный А.Г."
        ]
    },
    {
        "name": "A STUDY OF A TRAJECTORY SYNTHESIS METHOD FOR A CYCLIC CHANGEABLE TARGET IN AN ENVIRONMENT WITH PERIODIC DYNAMICS OF PROPERTIES",
        "year": 2020,
        "doi": "10.1007/978-3-030-32579-4_10",
        "url": "/item.asp?id=43222201",
        "authors": [
            "Motorin D.",
            "Popov S.",
            "Glazunov V.",
            "Chuvatov M."
        ]
    },
    {
        "name": "RASTER TO VECTOR MAP CONVERTION BY IRREGULAR GRID OF HEIGHTS",
        "year": 2020,
        "doi": "",
        "url": "/item.asp?id=42830758",
        "authors": [
            "Popov S.",
            "Glazunov V.",
            "Chuvatov M.",
            "Purii A."
        ]
    },
    {
        "name": "ТЕХНОЛОГИИ ДОСТУПА К ДАННЫМ В OLAP КУБАХ",
        "year": 2019,
        "doi": "",
        "url": "/item.asp?id=42454569",
        "authors": [
            "Попов С.Г.",
            "Мищенкова К.В.",
            "Лебедев Е.В."
        ]
    },
    {
        "name": "УПРАВЛЕНИЕ РЕПОЗИТОРИЕМ МЕТАДАННЫХ В ЗАДАЧЕ ИНТЕГРАЦИИ РАСПРЕДЕЛЕННЫХ ГЕТЕРОГЕННЫХ СУБД",
        "year": 2019,
        "doi": "",
        "url": "/item.asp?id=41756926",
        "authors": [
            "Пурий А.А.",
            "Попов С.Г."
        ]
    },
    {
        "name": "ИССЛЕДОВАНИЕ ВРЕМЕНИ ПОСТРОЕНИЯ И ВЫПОЛНЕНИЯ ПЛАНА ЗАПРОСА НА ВЫБОРКУ В ГЕТЕРОГЕННЫХ СИСТЕМАХ УПРАВЛЕНИЯ БАЗАМИ ДАННЫХ",
        "year": 2019,
        "doi": "",
        "url": "/item.asp?id=43055564",
        "authors": [
            "Пурий А.А.",
            "Попов С.Г."
        ]
    },
    {
        "name": "АНАЛИЗ ВРЕМЕНИ ДОСТУПА К БИНАРНЫМ ДАННЫМ В ГОРИЗОНТАЛЬНО МАСШТАБИРОВАННОЙ РЕЛЯЦИОННОЙ БАЗЕ ДАННЫХ POSTGRESQL",
        "year": 2019,
        "doi": "",
        "url": "/item.asp?id=43055566",
        "authors": [
            "Лисенкова А.А.",
            "Попов С.Г."
        ]
    },
    {
        "name": "ПРИМЕНЕНИЕ МНОГОПОТОЧНОЙ ТЕХНОЛОГИИ QT ДЛЯ АСИНХРОННОГО ВЫЧИСЛЕНИЯ МАРШРУТОВ ДВИЖЕНИЯ ГРУППЫ АВТОНОМНЫХ РОБОТОВ",
        "year": 2019,
        "doi": "",
        "url": "/item.asp?id=43055570",
        "authors": [
            "Крашенинников А.С.",
            "Попов С.Г."
        ]
    },
    {
        "name": "АРХИТЕКТУРА СРЕДСТВ ИЗВЛЕЧЕНИЯ ПРЕОБРАЗОВАНИЯ И ЗАГРУЗКИ ДАННЫХ ИЗ ВНЕШНИХ СЕРВИСОВ В СИСТЕМЕ ИНТЕРАКТИВНОГО СТРАТЕГИРОВАНИЯ ДЛЯ ГОСУДАРСТВЕННЫХ И КОММЕРЧЕСКИХ ОРГАНИЗАЦИЙ",
        "year": 2019,
        "doi": "",
        "url": "/item.asp?id=41871028",
        "authors": [
            "Попов С.Г.",
            "Речинский А.В.",
            "Самочадин А.В."
        ]
    },
    {
        "name": "РЕАЛИЗАЦИЯ ВИДЖЕТОВ ВИЗУАЛИЗАЦИИ ДАННЫХ В СИСТЕМЕ ИНТЕРАКТИВНОГО БИЗНЕС-АНАЛИЗА",
        "year": 2019,
        "doi": "",
        "url": "/item.asp?id=42555078",
        "authors": [
            "Попов С.Г.",
            "Самочадина Т.Н.",
            "Пономарева Е.В."
        ]
    },
    {
        "name": "МЕТОД ДИНАМИЧЕСКОГО ВЫБОРА СПУТНИКОВОЙ НАВИГАЦИОННОЙ СИСТЕМЫ В АВТОНОМНОМ РЕЖИМЕ ПОЗИЦИОНИРОВАНИЯ",
        "year": 2019,
        "doi": "10.15622/sp.18.2.302-325",
        "url": "/item.asp?id=37305495",
        "authors": [
            "Попов С.Г.",
            "Заборовский В.С.",
            "Курочкин Л.М.",
            "Шарагин М.П.",
            "Чжан Л."
        ]
    },
    {
        "name": "РОБАСТНЫЕ АЛГОРИТМЫ КЛАССИФИКАЦИИ ДАННЫХ, ПОЛУЧЕННЫЕ ГРУППОЙ РОБОТОВ, С ИСПОЛЬЗОВАНИЕМ МНОЖЕСТВ ВЕСОВ",
        "year": 2019,
        "doi": "10.18721/JCSTCS.12105",
        "url": "/item.asp?id=38096713",
        "authors": [
            "Попов С.Г.",
            "Уткин Л.В.",
            "Заборовский В.N."
        ]
    },
    {
        "name": "ИССЛЕДОВАНИЕ АЛГОРИТМОВ ДЕКОМПОЗИЦИИ И ВЫПОЛНЕНИЯ ЗАПРОСОВ НА ВЫБОРКУ В ГЕТЕРОГЕННЫХ СИСТЕМАХ УПРАВЛЕНИЯ РЕЛЯЦИОННЫМИ БАЗАМИ ДАННЫХ",
        "year": 2019,
        "doi": "10.18721/JCSTCS.12205",
        "url": "/item.asp?id=39385782",
        "authors": [
            "Попов С.Г.",
            "Пурий А.А."
        ]
    },
    {
        "name": "ИССЛЕДОВАНИЕ ВИДЖЕТА СТРАТЕГИРОВАНИЯ В СИСТЕМЕ ИНТЕРАКТИВНОГО БИЗНЕС-АНАЛИЗА",
        "year": 2019,
        "doi": "10.18721/JCSTCS.12401",
        "url": "/item.asp?id=42332520",
        "authors": [
            "Попов С.Г.",
            "Пономарева Е.В.",
            "Самочадин А.В."
        ]
    },
    {
        "name": "ИССЛЕДОВАНИЕ АЛГОРИТМА ОБСЛЕДОВАНИЯ МЕСТНОСТИ ГЕТЕРОГЕННОЙ ГРУППОЙ АВТОНОМНЫХ МОБИЛЬНЫХ РОБОТОВ",
        "year": 2019,
        "doi": "10.31776/RTCJ.7404",
        "url": "/item.asp?id=41442720",
        "authors": [
            "Попов С.Г.",
            "Крашенинников А.С.",
            "Чуватов М.В."
        ]
    },
    {
        "name": "ПРОГРАММА ДЛЯ УПРАВЛЕНИЯ БЕСПРОВОДНЫМИ СОЕДИНЕНИЯМИ ТРАНСПОРТНЫХ СРЕДСТВ С ОБЛАЧНЫМИ ИНФОРМАЦИОННЫМИ СЕРВИСАМИ",
        "year": 2018,
        "doi": "",
        "url": "/item.asp?id=39291909",
        "authors": [
            "Глазунов В.В.",
            "Курочкин Л.М.",
            "Моторин Д.Е.",
            "Попов С.Г.",
            "Чуватов М.В."
        ]
    },
    {
        "name": "ПРОГРАММА МОДЕЛИРОВАНИЯ РЕШЕНИЯ ТРАНСПОРТНОЙ ЗАДАЧИ ДЛЯ ГРУППЫ РОБОТОВ В УСЛОВИЯХ ПРОСТРАНСТВЕННО-СИТУАЦИОННОЙ НЕОПРЕДЕЛЕННОСТИ",
        "year": 2018,
        "doi": "",
        "url": "/item.asp?id=39291998",
        "authors": [
            "Востров А.В.",
            "Курочкин М.А.",
            "Моторин Д.Е.",
            "Попов С.Г.",
            "Чуватов М.В."
        ]
    },
    {
        "name": "ПРОГРАММА ПЛАНИРОВАНИЯ ПЕРЕДАЧИ ДАННЫХ В ГЕТЕРОГЕННЫХ БЕСПРОВОДНЫХ СЕТЯХ ТРАНСПОРТНЫХ СРЕДСТВ",
        "year": 2018,
        "doi": "",
        "url": "/item.asp?id=39301189",
        "authors": [
            "Курочкин М.А.",
            "Моторин Д.Е.",
            "Попов С.Г.",
            "Чуватов М.В.",
            "Шарагин М.П."
        ]
    },
    {
        "name": "ПРОГРАММА ВИЗУАЛИЗАЦИИ ТОПОЛОГИИ ГЕТЕРОГЕННЫХ БЕСПРОВОДНЫХ СЕТЕЙ ПЕРЕДАЧИ ДАННЫХ ТРАНСПОРТНЫХ СРЕДСТВ",
        "year": 2018,
        "doi": "",
        "url": "/item.asp?id=39301232",
        "authors": [
            "Глазунов В.В.",
            "Курочкин Л.М.",
            "Лебедев Д.Г.",
            "Попов М.",
            "Попов С.Г."
        ]
    },
    {
        "name": "МЕТОДЫ ПРОГНОЗИРОВАНИЯ ТЕЛЕМАТИЧЕСКОЙ ОБСТАНОВКИ ИНТЕЛЛЕКТУАЛЬНОЙ ТРАНСПОРТНОЙ СИСТЕМЫ",
        "year": 2018,
        "doi": "",
        "url": "/item.asp?id=38224685",
        "authors": [
            "Шарагин М.П.",
            "Попов С.Г."
        ]
    },
    {
        "name": "ОБ ОДНОМ КРИТЕРИИ ДИНАМИЧЕСКОГО ПЕРЕРАСПРЕДЕЛЕНИЯ ФРАГМЕНТОВ ДАННЫХ В РАСПРЕДЕЛЕННЫХ СИСТЕМАХ УПРАВЛЕНИЯ РЕЛЯЦИОННЫМИ БАЗАМИ ДАННЫХ",
        "year": 2018,
        "doi": "",
        "url": "/item.asp?id=38224689",
        "authors": [
            "Фридман В.С.",
            "Попов С.Г."
        ]
    },
    {
        "name": "ИССЛЕДОВАНИЕ ВРЕМЕНИ ДИНАМИЧЕСКОЙ ГЕНЕРАЦИИ MDX-ЗАПРОСОВ К МНОГОМЕРНЫМ OLAP-КУБАМ",
        "year": 2018,
        "doi": "",
        "url": "/item.asp?id=38224694",
        "authors": [
            "Лисенкова А.А.",
            "Попов С.Г."
        ]
    },
    {
        "name": "МЕТОД РАСПРЕДЕЛЕНИЯ ПОТОКОВ ДАННЫХ В БЕСПРОВОДНЫХ ГЛОБАЛЬНЫХ И ЛОКАЛЬНЫХ ГЕТЕРОГЕННЫХ СЕТЯХ ТРАНСПОРТНЫХ СРЕДСТВ",
        "year": 2018,
        "doi": "",
        "url": "/item.asp?id=38224698",
        "authors": [
            "Тучков А.С.",
            "Попов С.Г."
        ]
    },
    {
        "name": "МЕТОДЫ ПЛАНИРОВАНИЯ ТРАНСПОРТНЫХ ОПЕРАЦИЙ РОБОТОВ В УСЛОВИЯХ ПРОСТРАНСТВЕННО-СИТУАЦИОННОЙ НЕОПРЕДЕЛЕННОСТИ",
        "year": 2018,
        "doi": "",
        "url": "/item.asp?id=36488053",
        "authors": [
            "Моторин Д.Е.",
            "Попов С.Г.",
            "Заборовский В.С."
        ]
    },
    {
        "name": "A SIAMESE AUTOENCODER PRESERVING DISTANCES FOR ANOMALY DETECTION IN MULTI-ROBOT SYSTEMS",
        "year": 2017,
        "doi": "10.1109/ICCAIRO.2017.17",
        "url": "/item.asp?id=35484803",
        "authors": [
            "Utkin L.V.",
            "Zaborovsky V.S.",
            "Lukashin A.A.",
            "Popov S.G.",
            "Podolskaja A.V."
        ]
    },
    {
        "name": "АЛГОРИТМ МНОГОКРИТЕРИАЛЬНОГО ПОИСКА ТРАЕКТОРИЙ ДВИЖЕНИЯ РОБОТА НА МНОГОСЛОЙНОЙ КАРТЕ",
        "year": 2018,
        "doi": "10.15217/issn1684-8853.2018.3.45",
        "url": "/item.asp?id=35097880",
        "authors": [
            "Моторин Д.Е.",
            "Попов С.Г."
        ]
    },
    {
        "name": "НЕКОТОРЫЕ ВОПРОСЫ КОНЦЕПЦИИ НАЦИОНАЛЬНОЙ БЕЗОПАСНОСТИ В КОНТЕКСТЕ ГЛОБАЛЬНОЙ ЦИФРОВИЗАЦИИ",
        "year": 2018,
        "doi": "",
        "url": "/item.asp?id=37128702",
        "authors": [
            "Осадчий А.И.",
            "Осадчий С.А.",
            "Попов С.Г."
        ]
    },
    {
        "name": "РАЗРАБОТКА ПРОТОТИПА ТИПОВОГО КОМПОНЕНТА СИСТЕМЫ БИЗНЕС-АНАЛИЗА НА ОСНОВЕ РЕЗУЛЬТАТОВ ИССЛЕДОВАНИЯ СРЕДСТВ И МЕТОДОВ ИНТЕРАКТИВНОГО ПРОГНОЗИРОВАНИЯ",
        "year": 2018,
        "doi": "",
        "url": "/item.asp?id=37283833",
        "authors": [
            "Попов С.Г.",
            "Самочадин А.В.",
            "Петин Б.Б.",
            "Пономарева Е.В.",
            "Бабешко В.Н."
        ]
    },
    {
        "name": "АЛГОРИТМЫ ДИНАМИЧЕСКОЙ ГЕНЕРАЦИИ MDX-ЗАПРОСОВ К МНОГОМЕРНЫМ OLAP-КУБАМ",
        "year": 2018,
        "doi": "10.18721/JCSTCS.11402",
        "url": "/item.asp?id=37102925",
        "authors": [
            "Попов С.Г.",
            "Лисенкова А.А."
        ]
    },
    {
        "name": "ОБЗОР МЕТОДОВ ДИНАМИЧЕСКОГО РАСПРЕДЕЛЕНИЯ ДАННЫХ В РАСПРЕДЕЛЕННЫХ СИСТЕМАХ УПРАВЛЕНИЯ БАЗАМИ ДАННЫХ",
        "year": 2018,
        "doi": "10.18721/JCSTCS.11407",
        "url": "/item.asp?id=37102930",
        "authors": [
            "Попов С.Г.",
            "Фридман В.С."
        ]
    },
    {
        "name": "ИССЛЕДОВАНИЕ АЛГОРИТМА СОГЛАСОВАНИЯ ГЛОБАЛЬНЫХ И ЛОКАЛЬНЫХ ТРАЕКТОРИЙ ДВИЖЕНИЯ РОБОТА НА РАЗНОМАСШТАБНЫХ КАРТАХ",
        "year": 2018,
        "doi": "",
        "url": "/item.asp?id=35619866",
        "authors": [
            "Моторин Д.Е.",
            "Попов С.Г.",
            "Курочкин М.А.",
            "Тучков А.С."
        ]
    },
    {
        "name": "THE METHOD OF MODELLING WIRELESS NETWORK USING TELEMATICS MAPS",
        "year": 2018,
        "doi": "10.23919/FRUCT.2018.8588103",
        "url": "/item.asp?id=36541831",
        "authors": [
            "Sharagin M.",
            "Popov S.",
            "Glazunov V.",
            "Zaborovsky V."
        ]
    },
    {
        "name": "МИРОВАЯ ЭКОНОМИКА И МЕЖДУНАРОДНЫЙ БИЗНЕС",
        "year": 2017,
        "doi": "",
        "url": "/item.asp?id=39196944",
        "authors": [
            "Поляков В.В.",
            "Щенин Р.К.",
            "Адно Ю.Л.",
            "Аникин О.Б.",
            "Антонов В.А.",
            "Атурин В.В.",
            "Аникин Б.А.",
            "Воронина Н.В.",
            "Гельвановский М.И.",
            "Гребенщиков Э.С.",
            "Елизаров В.Г.",
            "Иванова Н.И.",
            "Кириллов В.Н.",
            "Кудинова О.Н.",
            "Кузнецов А.В.",
            "Логинов Б.Б.",
            "Михайлов О.В.",
            "Нестеренко Ю.Н.",
            "Никишов Д.Е.",
            "Петров А.А. и др."
        ]
    },
    {
        "name": "РЕАЛИЗАЦИЯ АЛГОРИТМОВ ВЫБОРКИ ДАННЫХ О ЛОКАЛЬНЫХ И ГЛОБАЛЬНЫХ БЕСПРОВОДНЫХ СЕТЯХ ИЗ ТЕЛЕМАТИЧЕСКОЙ КАРТЫ",
        "year": 2017,
        "doi": "",
        "url": "/item.asp?id=35657113",
        "authors": [
            "Шарагин М.П.",
            "Попов С.Г."
        ]
    },
    {
        "name": "ИМИТАЦИОННАЯ МОДЕЛЬ РАСПРЕДЕЛЕНИЯ ПОТОКОВ ДАННЫХ МЕЖДУ ГЕТЕРОГЕННЫМИ КАНАЛАМИ СВЯЗИ ТРАНСПОРТНЫХ СРЕДСТВ",
        "year": 2017,
        "doi": "",
        "url": "/item.asp?id=35657115",
        "authors": [
            "Тучков А.С.",
            "Попов С.Г."
        ]
    },
    {
        "name": "СРАВНЕНИЕ ТОЧНОСТИ СТАТИЧЕСКИХ ОПРЕДЕЛЕНИЙ МУЛЬТИСИСТЕМНОГО ОДНОЧАСТОТНОГО ПРИЕМНИКА СПУТНИКОВЫХ СИСТЕМ",
        "year": 2017,
        "doi": "",
        "url": "/item.asp?id=35657117",
        "authors": [
            "Попов М.В.",
            "Попов С.Г."
        ]
    },
    {
        "name": "МЕХАНИЗМ ИНТЕРАКТИВНОЙ ВИЗУАЛИЗАЦИИ МНОГОМЕРНЫХ ДАННЫХ OLAP-КУБОВ",
        "year": 2017,
        "doi": "",
        "url": "/item.asp?id=35657118",
        "authors": [
            "Лисенкова А.А.",
            "Попов С.Г."
        ]
    },
    {
        "name": "THE RULES SELECTION ALGORITHM FOR NETWORK TRAFFIC OF ROBOT GROUPS IN INTELLIGENT TRANSPORTATION SYSTEMS",
        "year": 2017,
        "doi": "10.1109/SCM.2017.7970641",
        "url": "/item.asp?id=31048997",
        "authors": [
            "Glazunov V.V.",
            "Utkin L.V.",
            "Ryabinin M.A.",
            "Popov S.G."
        ]
    },
    {
        "name": "A STUDY OF THE EVALUATION FUNCTION FOR THE COST OF TRANSPORT OPERATIONS IN DISTRIBUTION OF PURPOSE IN A GROUP OF ROBOTS",
        "year": 2017,
        "doi": "10.1109/SCM.2017.7970642",
        "url": "/item.asp?id=31048526",
        "authors": [
            "Motorin D.E.",
            "Popov S.G.",
            "Chuvatov M.V.",
            "Kurochkin M.A.",
            "Kurochkin L.M."
        ]
    },
    {
        "name": "IMPLEMENTATION OF THE ALGORITHMS TO RETRIEVE THE DATA ABOUT LOCAL AND GLOBALWIRELESS NETWORKS FROM THE TELEMATICS MAP",
        "year": 2017,
        "doi": "10.5220/0006470504470452",
        "url": "/item.asp?id=31052611",
        "authors": [
            "Popov S.",
            "Sharagin M.",
            "Glazunov V.",
            "Chuvatov M."
        ]
    },
    {
        "name": "SIAMESE NEURAL NETWORK FOR INTELLIGENT INFORMATION SECURITY CONTROL IN MULTI-ROBOT SYSTEMS",
        "year": 2017,
        "doi": "10.3103/S0146411617080235",
        "url": "/item.asp?id=35543256",
        "authors": [
            "Utkin L.V.",
            "Zaborovsky V.S.",
            "Popov S.G."
        ]
    },
    {
        "name": "АЛГОРИТМ РАЗРЕШЕНИЯ КОЛЛИЗИЙ ПРИ ПЛАНИРОВАНИИ ДВИЖЕНИЯ ГРУППЫ РОБОТОВ В УСЛОВИЯХ ПРОСТРАНСТВЕННО-СИТУАЦИОННОЙ НЕОПРЕДЕЛЁННОСТИ",
        "year": 2017,
        "doi": "10.18721/JCSTCS.10203",
        "url": "/item.asp?id=29672738",
        "authors": [
            "Моторин Д.Е.",
            "Попов С.Г.",
            "Курочкин Л.М."
        ]
    },
    {
        "name": "АЛГОРИТМ РАСПРЕДЕЛЕНИЯ ПОТОКОВ ДАННЫХ МЕЖДУ БЕСПРОВОДНЫМИ ГЛОБАЛЬНЫМИ И ЛОКАЛЬНЫМИ СЕТЯМИ СВЯЗИ",
        "year": 2017,
        "doi": "10.18721/JCSTCS.10301",
        "url": "/item.asp?id=30565871",
        "authors": [
            "Попов С.Г.",
            "Тучков А.С.",
            "Курочкин Л.М.",
            "Шарагин М.П."
        ]
    },
    {
        "name": "РЕДАКТОР ВИЗУАЛЬНОГО ПРОЕКТИРОВАНИЯ СХЕМ И ПРОЦЕДУР ЗАПОЛНЕНИЯ OLAP-КУБОВ МНОГОМЕРНЫХ БАЗ ДАННЫХ",
        "year": 2017,
        "doi": "10.18721/JCSTCS.10410",
        "url": "/item.asp?id=35091469",
        "authors": [
            "Попов С.Г.",
            "Коненков А.В.",
            "Самочадина Т.Н."
        ]
    },
    {
        "name": "РЕЗУЛЬТАТЫ ЭКСПЕРИМЕНТАЛЬНЫХ ИССЛЕДОВАНИЙ ТОЧНОСТИ ПОЗИЦИОНИРОВАНИЯ ПРИ ИСПОЛЬЗОВАНИИ РАЗЛИЧНЫХ СИСТЕМ СПУТНИКОВОЙ НАВИГАЦИИ",
        "year": 2017,
        "doi": "10.18721/JCSTCS.10407",
        "url": "/item.asp?id=35091466",
        "authors": [
            "Курочкин Л.М.",
            "Курочкин М.А.",
            "Попов С.Г.",
            "Попов М.В."
        ]
    },
    {
        "name": "УПРАВЛЕНИЕ ГРУППИРОВКОЙ НАПЛАНЕТНЫХ РОБОТОВ В СУПЕРВИЗОРНОМ РЕЖИМЕ С БОРТА ОРБИТАЛЬНОЙ СТАНЦИИ",
        "year": 2017,
        "doi": "",
        "url": "/item.asp?id=36907916",
        "authors": [
            "Мулюха В.А.",
            "Заборовский В.С.",
            "Попов С.Г."
        ]
    },
    {
        "name": "РЕАЛИЗАЦИЯ АЛГОРИТМА ВЫБОРА ПРАВИЛ СЕТЕВОГО ВЗАИМОДЕЙСТВИЯ ГРУПП РОБОТОВ В ИНТЕЛЛЕКТУАЛЬНЫХ ТРАНСПОРТНЫХ СИСТЕМАХ",
        "year": 2017,
        "doi": "",
        "url": "/item.asp?id=29902232",
        "authors": [
            "Глазунов В.В.",
            "Уткин Л.В.",
            "Рябинин М.А.",
            "Попов С.Г."
        ]
    },
    {
        "name": "ИССЛЕДОВАНИЕ ФУНКЦИЙ ОЦЕНКИ ЗАТРАТ ВЫПОЛНЕНИЯ ТРАНСПОРТНЫХ ОПЕРАЦИЙ ПРИ РАСПРЕДЕЛЕНИИ ЦЕЛЕЙ В ГРУППЕ РОБОТОВ",
        "year": 2017,
        "doi": "",
        "url": "/item.asp?id=29902245",
        "authors": [
            "Моторин Д.Е.",
            "Попов С.Г.",
            "Чуватов М.В.",
            "Курочкин М.А.",
            "Курочкин Л.М."
        ]
    },
    {
        "name": "COLLISION-FREE PATH PLANNING ALGORITHM FOR GROUP OF ROBOTS IN SPATIO-SITUATIONAL UNCERTAINTY",
        "year": 2017,
        "doi": "",
        "url": "/item.asp?id=35119597",
        "authors": [
            "Motorin D.",
            "Popov S.",
            "Muliukha V."
        ]
    },
    {
        "name": "ПРОГРАММА УЧЁТА ПОСТУПЛЕНИЯ И РАСПРЕДЕЛЕНИЯ СРЕДСТВ ПЛАТНЫХ ОБРАЗОВАТЕЛЬНЫХ УСЛУГ",
        "year": 2016,
        "doi": "",
        "url": "/item.asp?id=39349956",
        "authors": [
            "Востров А.В.",
            "Коненков А.В.",
            "Криулин К.Н.",
            "Курочкин Л.М.",
            "Курочкин М.А.",
            "Попов С.Г."
        ]
    },
    {
        "name": "ПРОГРАММА УПРАВЛЕНИЯ ПРОВЕДЕНИЕМ ОЛИМПИАД ШКОЛЬНИКОВ",
        "year": 2016,
        "doi": "",
        "url": "/item.asp?id=39351659",
        "authors": [
            "Бондаренко В.Б.",
            "Бухтеева Н.А.",
            "Коненков А.В.",
            "Попов С.Г.",
            "Хорошев А.В."
        ]
    },
    {
        "name": "THE TECHNOLOGY OF MANAGEMENT OF DATA ABOUT WIRELESS NETWORKS FOR VEHICLE'S TELEMATICS MAP",
        "year": 2016,
        "doi": "10.5220/0005911801380143",
        "url": "/item.asp?id=27100258",
        "authors": [
            "Chuvatov M.",
            "Glazunov V.",
            "Kurochkin L.",
            "Popov S."
        ]
    },
    {
        "name": "ПОСТАНОВКА ЗАДАЧИ РАСПРЕДЕЛЕННОГО УПРАВЛЕНИЯ ГРУППОЙ ГЕТРОГЕННЫХ РОБОТОВ В УСЛОВИЯХ ДИНАМИЧЕСКОЙ СРЕДЫ",
        "year": 2016,
        "doi": "",
        "url": "/item.asp?id=28079910",
        "authors": [
            "Попов С.Г.",
            "Моторин Д.Е."
        ]
    },
    {
        "name": "ФУНКЦИИ СИСТЕМЫ РАСПРЕДЕЛЕННОГО УПРАВЛЕНИЯ ГРУППОЙ ГЕТЕРОГЕННЫХ РОБОТОВ В УСЛОВИЯХ ДИНАМИЧЕСКОЙ СРЕДЫ",
        "year": 2016,
        "doi": "",
        "url": "/item.asp?id=30310171",
        "authors": [
            "Моторин Д.Е.",
            "Попов С.Г."
        ]
    },
    {
        "name": "ROBUST TRANSFER LEARNING IN MULTI-ROBOT SYSTEMS BY USING SPARSE AUTOENCODER",
        "year": 2016,
        "doi": "10.1109/SCM.2016.7519735",
        "url": "/item.asp?id=27580010",
        "authors": [
            "Utkin L.V.",
            "Popov S.G.",
            "Zhuk Y.A."
        ]
    },
    {
        "name": "ОСОБЕННОСТИ ПОСТРОЕНИЯ СИСТЕМЫ СВЯЗИ НА МОБИЛЬНЫХ ПЛАТФОРМАХ В АРКТИКЕ И АНТАРКТИКЕ",
        "year": 2016,
        "doi": "",
        "url": "/item.asp?id=26573291",
        "authors": [
            "Комашинский В.И.",
            "Осадчий А.И.",
            "Осадчий С.А.",
            "Петриченко А.К.",
            "Попов С.Г."
        ]
    },
    {
        "name": "ИССЛЕДОВАНИЕ МЕТОДОВ ПОВЫШЕНИЯ ТОЧНОСТИ НАВИГАЦИОННЫХ ОПРЕДЕЛЕНИЙ",
        "year": 2016,
        "doi": "",
        "url": "/item.asp?id=30310166",
        "authors": [
            "Попов М.В.",
            "Попов С.Г."
        ]
    },
    {
        "name": "КОНТРОЛЬ ИНФОРМАЦИОННОЙ БЕЗОПАСНОСТИ В СИСТЕМЕ РОБОТОВ НА ОСНОВЕ ЭЛЕМЕНТОВ ГЛУБОКОГО ОБУЧЕНИЯ",
        "year": 2016,
        "doi": "",
        "url": "/item.asp?id=28846962",
        "authors": [
            "Уткин Л.В.",
            "Заборовский В.С.",
            "Попов С.Г."
        ]
    },
    {
        "name": "СИАМСКАЯ НЕЙРОННАЯ СЕТЬ ДЛЯ ИНТЕЛЛЕКТУАЛЬНОГО КОНТРОЛЯ ИНФОРМАЦИОННОЙ БЕЗОПАСНОСТИ В СИСТЕМЕ РОБОТОВ",
        "year": 2016,
        "doi": "",
        "url": "/item.asp?id=28916668",
        "authors": [
            "Уткин Л.В.",
            "Заборовский В.С.",
            "Попов С.Г."
        ]
    },
    {
        "name": "DETECTION OF ANOMALOUS BEHAVIOR IN A ROBOT SYSTEM BASED ON DEEP LEARNING ELEMENTS",
        "year": 2016,
        "doi": "10.3103/S0146411616080319",
        "url": "/item.asp?id=29485674",
        "authors": [
            "Utkin L.V.",
            "Zaborovskii V.S.",
            "Popov S.G."
        ]
    },
    {
        "name": "АЛГОРТИМЫ УПРАВЛЕНИЯ ДАННЫМИ ОБ УРОВНЕ СИГНАЛА БЕСПРОВОДНЫХ СЕТЕЙ ТЕЛЕМАТИЧЕСКОЙ КАРТЫ ТРАНСПОРТНОГО СРЕДСТВА",
        "year": 2016,
        "doi": "10.5862/JCSTCS.241.2",
        "url": "/item.asp?id=26426707",
        "authors": [
            "Востров А.В.",
            "Попов С.Г.",
            "Шарагин М.П.",
            "Чуватов М.В."
        ]
    },
    {
        "name": "ИССЛЕДОВАНИЕ АЛГОРИТМОВ ИНДИВИДУАЛЬНОЙ И ГРУППОВОЙ СТРАТЕГИЙ ДВИЖЕНИЯ АВТОНОМНЫХ МОБИЛЬНЫХ РОБОТОВ НА ДИНАМИЧЕСКОЙ КАРТЕ",
        "year": 2016,
        "doi": "10.5862/JCSTCS.241.5",
        "url": "/item.asp?id=26426711",
        "authors": [
            "Попов С.Г.",
            "Моторин Д.Е."
        ]
    },
    {
        "name": "РОБАСТНАЯ ПЕРЕДАЧА ОБУЧЕНИЯ В СИСТЕМАХ РОБОТОВ С ИСПОЛЬЗОВАНИЕМ РАЗРЕЖЕННОГО АВТОКОДЕРА",
        "year": 2016,
        "doi": "",
        "url": "/item.asp?id=27053060",
        "authors": [
            "Уткин Л.В.",
            "Жук Ю.А.",
            "Попов С.Г."
        ]
    },
    {
        "name": "ПРОГРАММА УПРАВЛЕНИЯ УЧЕБНЫМИ ПЛАНАМИ ВЫСШЕГО ПРОФЕССИОНАЛЬНОГО ОБРАЗОВАНИЯ",
        "year": 2015,
        "doi": "",
        "url": "/item.asp?id=39334509",
        "authors": [
            "Бухтеева Н.А.",
            "Курносова И.А.",
            "Курочкин Л.М.",
            "Курочкин М.А.",
            "Попов С.Г.",
            "Рафиков Ш.М."
        ]
    },
    {
        "name": "БАЗА ДАННЫХ ЭЛЕКТРОННОЙ СИСТЕМЫ МОНИТОРИНГА ТЕХНОЛОГИЧЕСКИХ КОМПЕТЕНЦИЙ",
        "year": 2015,
        "doi": "",
        "url": "/item.asp?id=39336494",
        "authors": [
            "Курочкин Л.М.",
            "Курочкин М.А.",
            "Попов С.Г.",
            "Чуватов М.В."
        ]
    },
    {
        "name": "THE IMPLEMENTING OF THE INTERNET OF THINGS CONCEPTS FOR THE CONTINUOUS PROVISION OF INFORMATIONAL SERVICES FOR VEHICLE DRIVERS AND PASSENGERS",
        "year": 2015,
        "doi": "10.1109/TAFGEN.2015.7289565",
        "url": "/item.asp?id=27143706",
        "authors": [
            "Popov S.",
            "Kurochkin M.",
            "Kurochkin L.",
            "Glazunov V."
        ]
    },
    {
        "name": "ИССЛЕДОВАНИЕ СЕТЕВОЙ СИНХРОНИЗАЦИИ СИСТЕМНЫХ ЧАСОВ МУЛЬТПРОТОКОЛЬНЫХ КИБЕРОБЪЕКТОВ В ГЕТЕРОГЕННЫХ СЕТЯХ",
        "year": 2015,
        "doi": "",
        "url": "/item.asp?id=26431848",
        "authors": [
            "Тучков А.С.",
            "Попов С.Г."
        ]
    },
    {
        "name": "РАЗРАБОТКА АЛГОРИТМОВ УПРАВЛЕНИЯ ДАННЫМИ О БЕСПРОВОДНЫХ ЛОКАЛЬНЫХ СЕТЯХ ТЕЛЕМАТИЧЕСКОЙ КАРТЫ",
        "year": 2015,
        "doi": "",
        "url": "/item.asp?id=26431850",
        "authors": [
            "Шарагин М.П.",
            "Попов С.Г."
        ]
    },
    {
        "name": "THE ALGORITHM TO IMPROVE THE ACCURACY OF LOCATION DATA OF THE VEHICLE IN THE CLOUD",
        "year": 2015,
        "doi": "10.1109/TAFGEN.2015.7289573",
        "url": "/item.asp?id=27143741",
        "authors": [
            "Popov S.",
            "Glazunov V.",
            "Kurochkin M.",
            "Chuvatov M."
        ]
    },
    {
        "name": "NETWORK SYNCHRONIZATION OF VEHICLE MULTIPROTOCOL UNIT SYSTEM CLOCK",
        "year": 2014,
        "doi": "10.1109/ICUMT.2014.7002087",
        "url": "/item.asp?id=24051517",
        "authors": [
            "Popov S.",
            "Kurochkin M.",
            "Kurochkin L.",
            "Glazunov V."
        ]
    },
    {
        "name": "PROTOTYPE OF THE TELEMATICS MAP CLOUD SERVICE",
        "year": 2015,
        "doi": "10.1109/FRUCT.2015.7117970",
        "url": "/item.asp?id=23989694",
        "authors": [
            "Glazunov V.",
            "Kurochkin L.",
            "Popov S.",
            "Chuvatov M."
        ]
    },
    {
        "name": "QUALIFICATION ROUTES MESSAGING FOR DYNAMIC SYSTEMS USING LOGICAL-PROBABILISTIC METHOD",
        "year": 2015,
        "doi": "",
        "url": "/item.asp?id=29102336",
        "authors": [
            "Glazunov V.V.",
            "Kurochkin M.A.",
            "Popov S.G."
        ]
    },
    {
        "name": "QUALIFICATION ROUTES MESSAGING FOR DYNAMIC SYSTEMS USING А LOGICAL-PROBABILISTIC METHOD",
        "year": 2015,
        "doi": "10.5862/JCSTCS.212.2",
        "url": "/item.asp?id=23102818",
        "authors": [
            "Glazunov V.V.",
            "Kurochkin M.A.",
            "Popov S.G."
        ]
    },
    {
        "name": "ТЕХНОЛОГИЯ УПРАВЛЕНИЯ ОБЛАЧНЫМ СЕРВИСОМ ТЕЛЕМАТИЧЕСКОЙ КАРТЫ ИНТЕЛЛЕКТУАЛЬНОЙ ТРАНСПОРТНОЙ СИСТЕМЫ",
        "year": 2015,
        "doi": "10.5862/JCSTCS.217-222.2",
        "url": "/item.asp?id=23728598",
        "authors": [
            "Глазунов В.В.",
            "Курочкин М.А.",
            "Попов С.Г.",
            "Ву Ч.",
            "Лиу Л."
        ]
    },
    {
        "name": "МОДЕЛИРОВАНИЕ ПОТОКА НЕОТЛОЖНЫХ СООБЩЕНИЙ МЕЖДУ ОБЛАЧНЫМ СЕРВИСОМ И MESH СЕТЬЮ МОБИЛЬНЫХ РОБОТОВ И ДРУГИХ ТРАНСПОТРНЫХ СРЕДСТВ",
        "year": 2015,
        "doi": "",
        "url": "/item.asp?id=23175720",
        "authors": [
            "Глазунов В.В.",
            "Курочкин Л.М.",
            "Попов С.Г."
        ]
    },
    {
        "name": "МЕТОД ОЦЕНКИ МАРШРУТОВ ПЕРЕДАЧИ СООБЩЕНИЙ В ТЕЛЕМАТИЧЕСКИХ СЕТЯХ ТРАНСПОТРНЫХ СРЕДСТВ НА ОСНОВЕ ЛОГИКО-ВЕРОЯТНОСТНОГО МЕТОДА",
        "year": 2015,
        "doi": "",
        "url": "/item.asp?id=24103787",
        "authors": [
            "Глазунов В.В.",
            "Курочкин М.А.",
            "Попов С.Г."
        ]
    },
    {
        "name": "ПРОГРАММНО-АППАРАТНАЯ ПЛАТФОРМА С МНОГОЯДЕРНОЙ ВЫЧИСЛИТЕЛЬНОЙ АРХИТЕКТУРОЙ ДЛЯ ВЫСОКОПРОИЗВОДИТЕЛЬНОЙ ПАРАЛЛЕЛЬНОЙ ФИЛЬТРАЦИИ СЕТЕВЫХ ПОТОКОВ ДАННЫХ",
        "year": 2015,
        "doi": "",
        "url": "/item.asp?id=36546615",
        "authors": [
            "Купреенко С.В.",
            "Попов С.Г."
        ]
    },
    {
        "name": "ИССЛЕДОВАНИЕ СЕТЕВОЙ СИНХРОНИЗАЦИИ СИСТЕМНЫХ ЧАСОВ ТРАНСПОРТНЫХ СРЕДСТВ В ГЕТЕРОГЕННЫХ СЕТЯХ",
        "year": 2014,
        "doi": "",
        "url": "/item.asp?id=23612366",
        "authors": [
            "Попов С.Г.",
            "Тучков А.С."
        ]
    },
    {
        "name": "SECURITY OF VEHICULAR NETWORKS: STATIC AND DYNAMIC CONTROL OF CYBER-PHYSICAL OBJECTS",
        "year": 2014,
        "doi": "",
        "url": "/item.asp?id=24041938",
        "authors": [
            "Muliukha V.",
            "Zaborovsky V.",
            "Popov S."
        ]
    },
    {
        "name": "HARDWARE AND SOFTWARE EQUIPMENT FOR MODELING OF TELEMATICS COMPONENTS IN INTELLIGENT TRANSPORTATION SYSTEMS",
        "year": 2014,
        "doi": "10.1007/978-3-319-10353-2_55",
        "url": "/item.asp?id=23981438",
        "authors": [
            "Popov S.",
            "Kurochkin M.",
            "Kurochkin L.M.",
            "Glazunov V."
        ]
    },
    {
        "name": "ADAGE MOBILE SERVICES FOR ITS INFRASTRUCTURE",
        "year": 2013,
        "doi": "10.1109/ITST.2013.6685533",
        "url": "/item.asp?id=21911788",
        "authors": [
            "Zaborovskiy V.S.",
            "Lukashin A.A.",
            "Popov S.G.",
            "Vostrov A.V."
        ]
    },
    {
        "name": "INSTRUMENTAL ENVIRONMENT OF MULTI-PROTOCOL CLOUD-ORIENTED VEHICULAR MESH NETWORK",
        "year": 2013,
        "doi": "",
        "url": "/item.asp?id=21895883",
        "authors": [
            "Glazunov V.V.",
            "Kurochkin L.M.",
            "Kurochkin M.A.",
            "Popov S.G."
        ]
    },
    {
        "name": "ROAD TRAFFIC EFFICIENCY AND SAFETY IMPROVEMENTS TRENDS",
        "year": 2013,
        "doi": "",
        "url": "/item.asp?id=21895941",
        "authors": [
            "Glazunov V.",
            "Kurochkin L.",
            "Kurochkin M.",
            "Popov S.",
            "Timofeev D."
        ]
    },
    {
        "name": "СЕТЕЦЕНТРИЧЕСКИЕ АЛГОРИТМЫ УПРАВЛЕНИЯ ДЛЯ ТЕЛЕМАТИЧЕСКИХ СЕРВИСОВ ТОЛЕРАНТНЫХ К ЗАДЕРЖКАМ",
        "year": 2013,
        "doi": "",
        "url": "/item.asp?id=21007541",
        "authors": [
            "Заборовский В.С.",
            "Мулюха В.А.",
            "Пашкин М.П.",
            "Попов С.Г."
        ]
    },
    {
        "name": "МИРОВАЯ ЭКОНОМИКА И МЕЖДУНАРОДНЫЙ БИЗНЕС",
        "year": 2012,
        "doi": "",
        "url": "/item.asp?id=38138103",
        "authors": [
            "Поляков В.",
            "Щенин Р.К.",
            "Адно Ю.Л.",
            "Аникин Б.А.",
            "Аникин О.Б.",
            "Антонов В.А.",
            "Атурин В.В.",
            "Варнавский В.Г.",
            "Воронина Н.В.",
            "Гельвановский М.И.",
            "Гребенщиков Э.С.",
            "Елизаров В.Г.",
            "Иванова Н.И.",
            "Кириллов В.Н.",
            "Кудинова О.Н.",
            "Кузнецов А.В.",
            "Логинов Б.Б.",
            "Михайлов О.В.",
            "Могилевкин И.М.",
            "Нестеренко Ю.Н. и др."
        ]
    },
    {
        "name": "ПОСТРОЕНИЕ ОПТИМАЛЬНОГО РЕПОЗИТОРИЯ АТРИБУТОВ И ОТНОШЕНИЙ ДЛЯ ИНТЕГРАЦИИ РЕЛЯЦИОННЫХ БАЗ ДАННЫХ",
        "year": 2010,
        "doi": "",
        "url": "/item.asp?id=19241900",
        "authors": [
            "Попов С.Г."
        ]
    },
    {
        "name": "ПОСТРОЕНИЕ ОПТИМАЛЬНОГО РЕПОЗИТОРИЯ АТРИБУТОВ И ОТНОШЕНИЙ ДЛЯ ИНТЕГРАЦИИ РЕЛЯЦИОННЫХ БАЗ ДАННЫХ",
        "year": 2010,
        "doi": "",
        "url": "/item.asp?id=19338438",
        "authors": [
            "Попов С.Г."
        ]
    },
    {
        "name": "МИРОВАЯ ЭКОНОМИКА И МЕЖДУНАРОДНЫЙ БИЗНЕС",
        "year": 2010,
        "doi": "",
        "url": "/item.asp?id=43823487",
        "authors": [
            "Поляков В.В.",
            "Щенин Р.К.",
            "Адно Ю.Л.",
            "Аникин Б.А.",
            "Аникин О.Б.",
            "Антонов В.А.",
            "Атурин В.В.",
            "Воронина Н.В.",
            "Гельвановский М.И.",
            "Гребенщиков Э.С.",
            "Елизаров В.Г.",
            "Иванова Н.И.",
            "Кириллов В.Н.",
            "Кудинова О.Н.",
            "Кузнецов А.В.",
            "Логинов Б.Б.",
            "Михайлов О.В.",
            "Могилевкин И.М.",
            "Нестеренко Ю.Н.",
            "Никишов Д.Е. и др."
        ]
    },
    {
        "name": "МЕТОДИКА ПОСТРОЕНИЯ ОПТИМАЛЬНОГО РЕПОЗИТОРИЯ СХЕМ РЕЛЯЦИОННЫХ БАЗ ДАННЫХ",
        "year": 2010,
        "doi": "",
        "url": "/item.asp?id=15257789",
        "authors": [
            "Попов С.Г."
        ]
    },
    {
        "name": "РЕКУРСИВНО-ЛОГИЧЕСКОЕ ПРОГРАММИРОВАНИЕ",
        "year": 2006,
        "doi": "",
        "url": "/item.asp?id=19587543",
        "authors": [
            "Попов С.Г."
        ]
    },
    {
        "name": "МЕТОД ИНТЕГРАЦИИ НЕЗАВИСИМЫХ БАЗ ДАННЫХ",
        "year": 2006,
        "doi": "",
        "url": "/item.asp?id=12050948",
        "authors": [
            "Курочкин М.А.",
            "Попов С.Г."
        ]
    }
]