[
    {
        "name": "ПОСТРОЕНИЕ ГИБКИХ МАРШРУТОВ В ДИНАМИЧЕСКОЙ ТРАНСПОРТНОЙ СЕТИ С УЧЕТОМ ГРУЗОПОДЪЕМНОСТИ ТРАНСПОРТНОГО СРЕДСТВА",
        "year": 2020,
        "doi": "",
        "url": "/item.asp?id=43760953",
        "authors": [
            "Филиппова Е.И.",
            "Курочкин Л.М.",
            "Востров А.В."
        ]
    },
    {
        "name": "РЕШЕНИЕ ГЕТЕРОГЕННОЙ ТРАНСПОРТНОЙ ЗАДАЧИ ДОСТАВКИ ГРУЗОВ КВАДРОКОПТЕРАМИ",
        "year": 2020,
        "doi": "",
        "url": "/item.asp?id=43760954",
        "authors": [
            "Хвошнянская Л.К.",
            "Курочкин Л.М.",
            "Востров А.В."
        ]
    },
    {
        "name": "МЕТОД И АЛГОРИТМ ДВУСТОРОННЕГО СОГЛАСОВАНИЯ НЕПРЕРЫВНОЙ МОДЕЛИ ТРАНСПОРТНОГО ПОТОКА С ДИСКРЕТНОЙ МОДЕЛЬЮ В СРЕДЕ МОДЕЛИРОВАНИЯ SUMO",
        "year": 2020,
        "doi": "",
        "url": "/item.asp?id=43760946",
        "authors": [
            "Ожерельев Р.С.",
            "Курочкин Л.М.",
            "Востров А.В."
        ]
    },
    {
        "name": "СРАВНЕНИЕ ЭФФЕКТИВНОСТИ ЭВРИСТИК ДЛЯ ЗАДАЧИ ДИНАМИЧЕСКОГО ПОСТРОЕНИЯ МАРШРУТОВ ТРАНСПОРТНЫХ СРЕДСТВ В УСЛОВИЯХ ДОРОЖНОЙ ТРАНСПОРТНОЙ СЕТИ",
        "year": 2019,
        "doi": "",
        "url": "/item.asp?id=43055565",
        "authors": [
            "Климов Е.Г.",
            "Востров А.В."
        ]
    },
    {
        "name": "РАЗРАБОТКА АЛГОРИТМА НАХОЖДЕНИЯ ОБЪЕМА НАСЫПИ С ИСПОЛЬЗОВАНИЕМ RGB-D-ДАТЧИКА, УСТАНОВЛЕННОГО НА МОБИЛЬНОМ РОБОТЕ",
        "year": 2019,
        "doi": "",
        "url": "/item.asp?id=41391716",
        "authors": [
            "Науменко П.Е.",
            "Востров А.В.",
            "Курочкин Л.М."
        ]
    },
    {
        "name": "РАСПОЗНАВАНИЕ ОБЪЕКТОВ ДЛЯ РЕШЕНИЯ ЗАДАЧИ ИХ СОРТИРОВКИ МОБИЛЬНЫМ РОБОТОМ",
        "year": 2019,
        "doi": "",
        "url": "/item.asp?id=41391717",
        "authors": [
            "Нехороших С.А.",
            "Востров А.В.",
            "Курочкин Л.М."
        ]
    },
    {
        "name": "РОЕВЫЙ АЛГОРИТМ ОПТИМИЗАЦИИ ПУТИ РОБОТА В СЛОЖНОЙ СРЕДЕ",
        "year": 2019,
        "doi": "",
        "url": "/item.asp?id=41391718",
        "authors": [
            "Томилин Д.В.",
            "Скобцов Ю.А.",
            "Востров А.В."
        ]
    },
    {
        "name": "ПОСТРОЕНИЕ ГИБКИХ МАРШРУТОВ В ДИНАМИЧЕСКОЙ ТРАНСПОРТНОЙ СЕТИ С УЧЕТОМ ВРЕМЕНИ АКТУАЛЬНОСТИ ЗАЯВКИ",
        "year": 2019,
        "doi": "",
        "url": "/item.asp?id=41391712",
        "authors": [
            "Климов Е.Г.",
            "Востров А.В.",
            "Курочкин Л.М."
        ]
    },
    {
        "name": "ДИФФЕРЕНЦИАЛЬНАЯ ДИАГНОСТИКА РАКА ЛЁГКОГО С ИСПОЛЬЗОВАНИЕМ ГЛУБОКОЙ СИАМСКОЙ НЕЙРОННОЙ СЕТИ",
        "year": 2019,
        "doi": "",
        "url": "/item.asp?id=41391714",
        "authors": [
            "Крыштапович В.С.",
            "Уткин Л.В.",
            "Востров А.В."
        ]
    },
    {
        "name": "ИССЛЕДОВАНИЕ ВАРИАНТОВ РЕШЕНИЯ КОМБИНАТОРНЫХ ЗАДАЧ В ТЕХНОЛОГИЯХ OPENCL И CUDA",
        "year": 2019,
        "doi": "",
        "url": "/item.asp?id=41391715",
        "authors": [
            "Уулу Б.М.",
            "Курочкин М.А.",
            "Востров А.В."
        ]
    },
    {
        "name": "ПРОГРАММА МОДЕЛИРОВАНИЯ РЕШЕНИЯ ТРАНСПОРТНОЙ ЗАДАЧИ ДЛЯ ГРУППЫ РОБОТОВ В УСЛОВИЯХ ПРОСТРАНСТВЕННО-СИТУАЦИОННОЙ НЕОПРЕДЕЛЕННОСТИ",
        "year": 2018,
        "doi": "",
        "url": "/item.asp?id=39291998",
        "authors": [
            "Востров А.В.",
            "Курочкин М.А.",
            "Моторин Д.Е.",
            "Попов С.Г.",
            "Чуватов М.В."
        ]
    },
    {
        "name": "ПОСТРОЕНИЕ 3D-МОДЕЛИ ВНУТРЕННИХ ОРГАНОВ ЧЕЛОВЕКА С ПРИМЕНЕНИЕМ СУПЕРКОМПЬЮТЕРНЫХ ВЫЧИСЛЕНИЙ",
        "year": 2018,
        "doi": "",
        "url": "/item.asp?id=37030995",
        "authors": [
            "Курочкин М.А.",
            "Касимов Э.М.",
            "Пурий А.А.",
            "Востров А.В."
        ]
    },
    {
        "name": "ПРОГРАММА УЧЁТА ПОСТУПЛЕНИЯ И РАСПРЕДЕЛЕНИЯ СРЕДСТВ ПЛАТНЫХ ОБРАЗОВАТЕЛЬНЫХ УСЛУГ",
        "year": 2016,
        "doi": "",
        "url": "/item.asp?id=39349956",
        "authors": [
            "Востров А.В.",
            "Коненков А.В.",
            "Криулин К.Н.",
            "Курочкин Л.М.",
            "Курочкин М.А.",
            "Попов С.Г."
        ]
    },
    {
        "name": "ИДЕНТИФИКАЦИЯ ОБЪЕКТОВ ПО ВИДЕОИЗОБРАЖЕНИЮ С ТЕЛЕКАМЕРЫ МОБИЛЬНОГО РОБОТА",
        "year": 2016,
        "doi": "",
        "url": "/item.asp?id=30310169",
        "authors": [
            "Панченко В.А.",
            "Востров А.В."
        ]
    },
    {
        "name": "АЛГОРТИМЫ УПРАВЛЕНИЯ ДАННЫМИ ОБ УРОВНЕ СИГНАЛА БЕСПРОВОДНЫХ СЕТЕЙ ТЕЛЕМАТИЧЕСКОЙ КАРТЫ ТРАНСПОРТНОГО СРЕДСТВА",
        "year": 2016,
        "doi": "10.5862/JCSTCS.241.2",
        "url": "/item.asp?id=26426707",
        "authors": [
            "Востров А.В.",
            "Попов С.Г.",
            "Шарагин М.П.",
            "Чуватов М.В."
        ]
    },
    {
        "name": "НЕДЕЛЯ НАУКИ СПБПУ",
        "year": 2015,
        "doi": "",
        "url": "/item.asp?id=24964207",
        "authors": [
            "\nМатериалы научного форума с международным участием. Институт прикладной математики и механики / 2015. \n"
        ]
    },
    {
        "name": "ПРОБЛЕМА ПОМЕХОУСТОЙЧИВОСТИ ШТРИХКОДА ПРИ РАСПОЗНАВАНИИ ЭКЗАМЕНАЦИОННОЙ ВЕДОМОСТИ",
        "year": 2015,
        "doi": "",
        "url": "/item.asp?id=26431852",
        "authors": [
            "Попов М.В.",
            "Рябинин М.А.",
            "Востров А.В."
        ]
    },
    {
        "name": "ADAGE MOBILE SERVICES FOR ITS INFRASTRUCTURE",
        "year": 2013,
        "doi": "10.1109/ITST.2013.6685533",
        "url": "/item.asp?id=21911788",
        "authors": [
            "Zaborovskiy V.S.",
            "Lukashin A.A.",
            "Popov S.G.",
            "Vostrov A.V."
        ]
    },
    {
        "name": "ОБНАРУЖЕНИЕ КОНФЛИКТОВ ПРИ ИНТЕГРАЦИИ ЭКСПЕРТНЫХ СИСТЕМ НА ОНТОЛОГИЧЕСКИХ МОДЕЛЯХ",
        "year": 2011,
        "doi": "",
        "url": "/item.asp?id=16230941",
        "authors": [
            "Востров А.В.",
            "Курочкин М.А."
        ]
    }
]