[
    {
        "name": "ИНТЕРПРЕТАЦИЯ РЕЗУЛЬТАТОВ СУПЕРКОМПЬЮТЕРНОГО МОДЕЛИРОВАНИЯ С ИСПОЛЬЗОВАНИЕ МЕТОДОВ МАШИННОГО ОБУЧЕНИЯ",
        "year": 2022,
        "doi": "10.52348/2712-8873_MMTT_2022_2_117",
        "url": "/item.asp?id=48615227",
        "authors": [
            "Заборовский В.С.",
            "Уткин Л.В."
        ]
    },
    {
        "name": "EXO-INTELLIGENT DATA-DRIVEN RECONFIGURABLE COMPUTING PLATFORM",
        "year": 2022,
        "doi": "10.1007/978-3-030-89832-8_10",
        "url": "/item.asp?id=48145912",
        "authors": [
            "Zaborovskij V.",
            "Antonov A.",
            "Kaliaev I."
        ]
    },
    {
        "name": "ПРОГРАММА ДЛЯ ПОСТРОЕНИЯ ГИСТОГРАММЫ РАССТОЯНИЙ МЕЖДУ СЛУЧАЙНО РАСПРЕДЕЛЕННЫМИ ТОЧКАМИ НА ПОВЕРХНОСТИ ТРЕХМЕРНОЙ МОДЕЛИ",
        "year": 2021,
        "doi": "",
        "url": "/item.asp?id=44761934",
        "authors": [
            "Дробинцев П.Д.",
            "Заборовский В.С.",
            "Лукашин А.А.",
            "Ильяшенко А.С.",
            "Селин И.А."
        ]
    },
    {
        "name": "БИБЛИОТЕКА УПРАВЛЕНИЯ ПРОЦЕССОМ КОНВЕРТАЦИИ И ОБРАБОТКИ ЦИФРОВОЙ МОДЕЛИ",
        "year": 2021,
        "doi": "",
        "url": "/item.asp?id=47435531",
        "authors": [
            "Заборовский В.С.",
            "Лукашин А.А.",
            "Мулюха В.А.",
            "Ильяшенко А.С."
        ]
    },
    {
        "name": "ПРОГРАММА ДЛЯ ОБУЧЕНИЯ СИАМСКОЙ НЕЙРОННОЙ СЕТИ",
        "year": 2021,
        "doi": "",
        "url": "/item.asp?id=47435707",
        "authors": [
            "Заборовский В.С.",
            "Лукашин А.А.",
            "Мулюха В.А.",
            "Ильяшенко А.С."
        ]
    },
    {
        "name": "ПРОГРАММА РАСЧЕТА ГИСТОГРАММЫ МНОГОМЕРНОГО ОБЪЕКТА НА ГРАФИЧЕСКОМ ПРОЦЕССОРЕ",
        "year": 2021,
        "doi": "",
        "url": "/item.asp?id=47435708",
        "authors": [
            "Заборовский В.С.",
            "Лукашин А.А.",
            "Мулюха В.А.",
            "Ильяшенко А.С."
        ]
    },
    {
        "name": "ПРОГРАММА УСКОРЕНИЯ ВЫЧИСЛЕНИЙ В СРЕДЕ PYTHON С ПРИМЕНЕНИЕМ ПЛИС УСКОРИТЕЛЯ",
        "year": 2021,
        "doi": "",
        "url": "/item.asp?id=47435870",
        "authors": [
            "Заборовский В.С.",
            "Антонов А.П."
        ]
    },
    {
        "name": "ПРОГРАММА РАСЧЕТА ГИСТОГРАММЫ МНОГОМЕРНОГО ОБЪЕКТА НА ЦЕНТРАЛЬНОМ ПРОЦЕССОРЕ",
        "year": 2021,
        "doi": "",
        "url": "/item.asp?id=47436074",
        "authors": [
            "Заборовский В.С.",
            "Лукашин А.А.",
            "Мулюха В.А.",
            "Ильяшенко А.С."
        ]
    },
    {
        "name": "ПРОГРАММА РАСЧЕТА РАССТОЯНИЯ МЕЖДУ ДЕСКРИПТОРАМИ МНОГОМЕРНОГО ОБЪЕКТА",
        "year": 2021,
        "doi": "",
        "url": "/item.asp?id=47436454",
        "authors": [
            "Заборовский В.С.",
            "Лукашин А.А.",
            "Мулюха В.А.",
            "Ильяшенко А.С."
        ]
    },
    {
        "name": "NEURAL COMPUTATIONS IN CONTROL PROBLEMS: ASPECTS OF COMPUTABILITY AND SPATIAL-TIME CHARACTERIZATION OF COGNITIVE FUNCTIONS",
        "year": 2020,
        "doi": "10.1088/1742-6596/1864/1/012104",
        "url": "/item.asp?id=46800521",
        "authors": [
            "Antonov A.",
            "Zaborovsky V.",
            "Polyanskiy V."
        ]
    },
    {
        "name": "ON THE PROBLEM OF COMPUTABILITY OF BOUNDED RATIONALITY COGNITIVE SOLUTIONS",
        "year": 2021,
        "doi": "10.1007/978-3-030-63563-3_2",
        "url": "/item.asp?id=46746741",
        "authors": [
            "Zaborovskij V.",
            "Popov S.",
            "Polyanskiy V."
        ]
    },
    {
        "name": "О ВЫБОРЕ ПАРАМЕТРОВ СИСТЕМЫ УПРАВЛЕНИЯ ПОТОКАМИ ЗАЯВОК С ПОМОЩЬЮ ВЕРОЯТНОСТНОГО ВЫТАЛКИВАЮЩЕГО МЕХАНИЗМА",
        "year": 2021,
        "doi": "10.31857/S0002338821010133",
        "url": "/item.asp?id=44492425",
        "authors": [
            "Заборовский В.С.",
            "Заяц О.И.",
            "Ильяшенко А.С.",
            "Мулюха В.А."
        ]
    },
    {
        "name": "ПОСТРОЕНИЕ СИСТЕМЫ РАЗГРАНИЧЕНИЯ ДОСТУПА В СЕТЕВОЙ СРЕДЕ С ДИНАМИЧЕСКИ ИЗМЕНЯЮЩИМИСЯ ПАРАМЕТРАМИ",
        "year": 2021,
        "doi": "",
        "url": "/item.asp?id=47208160",
        "authors": [
            "Лукашин А.А.",
            "Заборовский В.С."
        ]
    },
    {
        "name": "DEVELOPING A NEW GENERATION OF RECONFIGURABLE HETEROGENEOUS DISTRIBUTED HIGH PERFORMANCE COMPUTING SYSTEM",
        "year": 2021,
        "doi": "10.1007/978-981-33-6632-9_22",
        "url": "/item.asp?id=46065722",
        "authors": [
            "Antonov A.",
            "Zaborovskij V.",
            "Kisilev I."
        ]
    },
    {
        "name": "UNCERTAINTY INTERPRETATION OF THE MACHINE LEARNING SURVIVAL MODEL PREDICTIONS",
        "year": 2021,
        "doi": "10.1109/ACCESS.2021.3108341",
        "url": "/item.asp?id=47002207",
        "authors": [
            "Utkin L.V.",
            "Zaborovsky V.S.",
            "Kovalev M.S.",
            "Konstantinov A.V.",
            "Politaeva N.A.",
            "Lukashin A.A."
        ]
    },
    {
        "name": "MODAL LOGIC OF DIGITAL TRANSFORMATION: RELENTLESS PACE TO “EXO-INTELLECTUAL” PLATFORM",
        "year": 2021,
        "doi": "10.1007/978-3-030-64430-7_20",
        "url": "/item.asp?id=45053251",
        "authors": [
            "Zaborovskij V.",
            "Polyanskiy V."
        ]
    },
    {
        "name": "НЕЙРОВЫЧИСЛЕНИЯ В ЗАДАЧАХ УПРАВЛЕНИЯ: АСПЕКТЫ ВЫЧИСЛИМОСТИ И ПРОСТРАНСТВЕННО-ВРЕМЕННОЙ ХАРАКТЕРИЗАЦИИ КОГНИТИВНЫХ ФУНКЦИЙ",
        "year": 2020,
        "doi": "",
        "url": "/item.asp?id=44686193",
        "authors": [
            "Антонов А.П.",
            "Заборовский В.С.",
            "Полянский В.А."
        ]
    },
    {
        "name": "СОСТОЯНИЕ И ПЕРСПЕКТИВЫ ПРИМЕНЕНИЯ МЕТОДОВ ПОВЕДЕНЧЕСКОЙ АНАЛИТИКИ В КИБЕРБЕЗОПАСНОСТИ",
        "year": 2020,
        "doi": "",
        "url": "/item.asp?id=43926060",
        "authors": [
            "Заборовский В.С.",
            "Лукашин А.А.",
            "Максименко-Литвак С.Б.",
            "Нашивочников Н.В."
        ]
    },
    {
        "name": "РАЗРАБОТКА СИСТЕМЫ ИНФЕРЕНСА ДАННЫХ ДЛЯ ПЛАТФОРМЫ ИНТЕЛЛЕКТУАЛЬНОЙ ДИАГНОСТИКИ РАКА ЛЕГКИХ",
        "year": 2020,
        "doi": "",
        "url": "/item.asp?id=43760949",
        "authors": [
            "Белан И.Ю.",
            "Заборовский В.С.",
            "Лукашин А.А."
        ]
    },
    {
        "name": "АЛГОРИТМ ОБРАБОТКИ ИЗОБРАЖЕНИЙ ДЛЯ АВТОМАТИЗИРОВАННОГО ОПРЕДЕЛЕНИЯ НАЛИЧИЯ ФАЛЬСИФИКАЦИИ МЯСА",
        "year": 2020,
        "doi": "",
        "url": "/item.asp?id=43760950",
        "authors": [
            "Калимуллина Р.Р.",
            "Большаков А.А.",
            "Заборовский В.С.",
            "Никитина М.А."
        ]
    },
    {
        "name": "РАЗРАБОТКА АЛГОРИТМОВ РАСПРЕДЕЛЕНИЯ ТРАФИКА ПРИ МНОГОПУТЕВОЙ ПЕРЕДАЧЕ ДАННЫХ В ГЕТЕРОГЕННЫХ СЕТЯХ МОБИЛЬНЫХ АБОНЕНТОВ",
        "year": 2020,
        "doi": "",
        "url": "/item.asp?id=43760951",
        "authors": [
            "Любимов И.И.",
            "Заборовский В.С.",
            "Глазунов В.В."
        ]
    },
    {
        "name": "РАЗРАБОТКА ИНФОРМАЦИОННОЙ СИСТЕМЫ МОНИТОРИНГА ЛЕДОВОЙ ОБСТАНОВКИ СЕВЕРНОГО МОРСКОГО ПУТИ",
        "year": 2020,
        "doi": "",
        "url": "/item.asp?id=43760939",
        "authors": [
            "Богославец С.О.",
            "Заборовский В.С.",
            "Курочкин М.А."
        ]
    },
    {
        "name": "О ПРОБЛЕМЕ ВЫЧИСЛИМОСТИ КОГНИТИВНЫХ ФУНКЦИЙ ОГРАНИЧЕННОЙ РАЦИОНАЛЬНОСТИ",
        "year": 2020,
        "doi": "",
        "url": "/item.asp?id=44502547",
        "authors": [
            "Заборовский В.С.",
            "Полянский В.А.",
            "Попов С.Г.",
            "Новопашенный А.Г."
        ]
    },
    {
        "name": "СПОСОБ ДИАГНОСТИКИ РАКА ЛЕГКОГО НА ОСНОВЕ ИНТЕЛЛЕКТУАЛЬНОГО АНАЛИЗА ФОРМЫ, ВНУТРЕННЕЙ И ВНЕШНЕЙ СТРУКТУР НОВООБРАЗОВАНИЙ",
        "year": 2019,
        "doi": "",
        "url": "/item.asp?id=39270113",
        "authors": [
            "Уткин Л.В.",
            "Мелдо А.А.",
            "Рябинин М.А.",
            "Лукашин А.А.",
            "Заборовский В.С."
        ]
    },
    {
        "name": "МНОГОУРОВНЕВАЯ ВЫЧИСЛИТЕЛЬНАЯ МЕХАНИКА МАТЕРИАЛОВ В ПРОЕКТИРОВАНИИ ЛОПАТОК ГАЗОВЫХ ТУРБИН И ДОБЫЧЕ ТРУДНОИЗВЛЕКАЕМЫХ ЗАПАСОВ НЕФТИ",
        "year": 2019,
        "doi": "",
        "url": "/item.asp?id=39213270",
        "authors": [
            "Грищенко А.И.",
            "Заборовский В.С.",
            "Мельников Б.Е.",
            "Полянский В.А.",
            "Семенов А.С."
        ]
    },
    {
        "name": "СУПЕРКОМПЬЮТЕРНЫЙ ЦЕНТР \"ПОЛИТЕХНИЧЕСКИЙ\": ОПЫТ ЭКСПЛУАТАЦИИ ИОРГАНИЗАЦИИ ВЫСОКОПРОИЗВОДИТЕЛЬНЫХ СИСТЕМ",
        "year": 2019,
        "doi": "",
        "url": "/item.asp?id=38255065",
        "authors": [
            "Заборовский В.С.",
            "Лукашин А.А."
        ]
    },
    {
        "name": "COMMUNICATION TECHNOLOGIES FOR FORCE-FEEDBACK TELEOPERATION OF ON-GROUND ROBOTS FROM THE INTERNATIONAL SPACE STATION IN THE FRAME OF THE 'KONTUR-2' EXPERIMENT",
        "year": 2017,
        "doi": "10.1109/ICAICT.2017.8686946",
        "url": "/item.asp?id=38693442",
        "authors": [
            "Muliukha V.",
            "Guk M.",
            "Silinenko A.",
            "Zaborovsky V."
        ]
    },
    {
        "name": "ПОДХОДЫ К СОЗДАНИЮ УСТРОЙСТВ ИНТЕЛЛЕКТУАЛЬНОЙ ОБРАБОТКИ ДАННЫХ В РЕКОНФИГУРИРУЕМОЙ ГЕТЕРОГЕННОЙ РАСПРЕДЕЛЕННОЙ СУПЕРКОМПЬЮТЕРНОЙ СРЕДЕ",
        "year": 2019,
        "doi": "",
        "url": "/item.asp?id=42556562",
        "authors": [
            "Антонов А.П.",
            "Заборовский В.С.",
            "Киселев И.О."
        ]
    },
    {
        "name": "МЕТОД ДИНАМИЧЕСКОГО ВЫБОРА СПУТНИКОВОЙ НАВИГАЦИОННОЙ СИСТЕМЫ В АВТОНОМНОМ РЕЖИМЕ ПОЗИЦИОНИРОВАНИЯ",
        "year": 2019,
        "doi": "10.15622/sp.18.2.302-325",
        "url": "/item.asp?id=37305495",
        "authors": [
            "Попов С.Г.",
            "Заборовский В.С.",
            "Курочкин Л.М.",
            "Шарагин М.П.",
            "Чжан Л."
        ]
    },
    {
        "name": "РОБАСТНЫЕ АЛГОРИТМЫ КЛАССИФИКАЦИИ ДАННЫХ, ПОЛУЧЕННЫЕ ГРУППОЙ РОБОТОВ, С ИСПОЛЬЗОВАНИЕМ МНОЖЕСТВ ВЕСОВ",
        "year": 2019,
        "doi": "10.18721/JCSTCS.12105",
        "url": "/item.asp?id=38096713",
        "authors": [
            "Попов С.Г.",
            "Уткин Л.В.",
            "Заборовский В.N."
        ]
    },
    {
        "name": "АРХИТЕКТУРА РЕКОНФИГУРИРУЕМОЙ ГЕТЕРОГЕННОЙ РАСПРЕДЕЛЕННОЙ СУПЕРКОМПЬЮТЕРНОЙ СИСТЕМЫ ДЛЯ РЕШЕНИЯ ЗАДАЧ ИНТЕЛЛЕКТУАЛЬНОЙ ОБРАБОТКИ ДАННЫХ В ЭПОХУ ЦИФРОВОЙ ТРАНСФОРМАЦИИ ЭКОНОМИКИ",
        "year": 2019,
        "doi": "10.21681/2311-3456-2019-5-02-11",
        "url": "/item.asp?id=41517986",
        "authors": [
            "Каляев И.А.",
            "Заборовский В.С.",
            "Антонов А.П."
        ]
    },
    {
        "name": "ИСКУССТВЕННЫЙ ИНТЕЛЛЕКТ: ОТ МЕТАФОРЫ К ТЕХНИЧЕСКИМ РЕШЕНИЯМ",
        "year": 2019,
        "doi": "",
        "url": "/item.asp?id=42706915",
        "authors": [
            "Каляев И.",
            "Заборовский В."
        ]
    },
    {
        "name": "DATABASE ACQUISITION FOR THE LUNG CANCER COMPUTER AIDED DIAGNOSTIC SYSTEMS",
        "year": 2019,
        "doi": "",
        "url": "/item.asp?id=41491920",
        "authors": [
            "Meldo A.",
            "Utkin L.",
            "Lukashin A.",
            "Muliukha V.",
            "Zaborovsky V."
        ]
    },
    {
        "name": "ИНФОРМАТИКА И КИБЕРНЕТИКА (COMCON–2018)",
        "year": 2018,
        "doi": "",
        "url": "/item.asp?id=38176994",
        "authors": [
            "\nСборник докладов студенческой научной конференции Института компьютерных наук и\nтехнологий / 2018. \n"
        ]
    },
    {
        "name": "НЕДЕЛЯ НАУКИ СПБПУ",
        "year": 2018,
        "doi": "",
        "url": "/item.asp?id=39260249",
        "authors": [
            "\nматериалы научной конференции с международным участием. Институт компьютерных наук и технологий / 2018. \n"
        ]
    },
    {
        "name": "МЕТОДЫ ПЛАНИРОВАНИЯ ТРАНСПОРТНЫХ ОПЕРАЦИЙ РОБОТОВ В УСЛОВИЯХ ПРОСТРАНСТВЕННО-СИТУАЦИОННОЙ НЕОПРЕДЕЛЕННОСТИ",
        "year": 2018,
        "doi": "",
        "url": "/item.asp?id=36488053",
        "authors": [
            "Моторин Д.Е.",
            "Попов С.Г.",
            "Заборовский В.С."
        ]
    },
    {
        "name": "ГИБРИДНЫЕ СУПЕРКОМПЬЮТЕРНЫЕ СИСТЕМЫ НА ОСНОВЕ ПРОГРАММНОЙ ПЛАТФОРМЫ OPENCL",
        "year": 2018,
        "doi": "",
        "url": "/item.asp?id=35648793",
        "authors": [
            "Заборовский В.С.",
            "Антонов А.П.",
            "Мамутова О.В.",
            "Киселев И.О.",
            "Антонов К.А."
        ]
    },
    {
        "name": "A ROBUST INTERVAL AUTOENCODER",
        "year": 2017,
        "doi": "10.1109/ICCAIRO.2017.32",
        "url": "/item.asp?id=35513136",
        "authors": [
            "Utkin L.V.",
            "Podolskaja A.V.",
            "Zaborovsky V.S."
        ]
    },
    {
        "name": "A SIAMESE AUTOENCODER PRESERVING DISTANCES FOR ANOMALY DETECTION IN MULTI-ROBOT SYSTEMS",
        "year": 2017,
        "doi": "10.1109/ICCAIRO.2017.17",
        "url": "/item.asp?id=35484803",
        "authors": [
            "Utkin L.V.",
            "Zaborovsky V.S.",
            "Lukashin A.A.",
            "Popov S.G.",
            "Podolskaja A.V."
        ]
    },
    {
        "name": "СПЕЦИАЛИЗИРОВАННЫЕ РЕКОНФИГУРИРУЕМЫЕ ВЫЧИСЛИТЕЛИ В СЕТЕЦЕНТРИЧЕСКИХ СУПЕРКОМПЬЮТЕРНЫХ СИСТЕМАХ",
        "year": 2018,
        "doi": "",
        "url": "/item.asp?id=36297312",
        "authors": [
            "Антонов А.П.",
            "Заборовский В.С.",
            "Киселев И.О."
        ]
    },
    {
        "name": "ГИБРИДНЫЕ СУПЕРКОМПЬЮТЕРНЫЕ СИСТЕМЫ НА ОСНОВЕ ПРОГРАММНОЙ ПЛАТФОРМЫ OPENCL",
        "year": 2018,
        "doi": "10.23683/2311-3103-2018-8-6-18",
        "url": "/item.asp?id=38175882",
        "authors": [
            "Антонов А.П.",
            "Заборовский В.С.",
            "Киселев И.О.",
            "Антонов К.А."
        ]
    },
    {
        "name": "ЦИФРОВАЯ ИНФОРМАЦИОННО-ЛОГИСТИЧЕСКАЯ ПЛАТФОРМА ОПЕРАТИВНОГО УПРАВЛЕНИЯ ВНЕШНЕТОРГОВОЙ ДЕЯТЕЛЬНОСТЬЮ ПОСТАВЩИКОВ ВЫСОКОТЕХНОЛОГИЧНОЙ ПРОДУКЦИИ",
        "year": 2018,
        "doi": "10.18721/JCSTCS.11401",
        "url": "/item.asp?id=37102924",
        "authors": [
            "Заборовский В.С.",
            "Лей Д.",
            "Скиба В.Ю.",
            "Стрекалов С.В."
        ]
    },
    {
        "name": "THE METHOD OF MODELLING WIRELESS NETWORK USING TELEMATICS MAPS",
        "year": 2018,
        "doi": "10.23919/FRUCT.2018.8588103",
        "url": "/item.asp?id=36541831",
        "authors": [
            "Sharagin M.",
            "Popov S.",
            "Glazunov V.",
            "Zaborovsky V."
        ]
    },
    {
        "name": "AN ANOMALOUS BEHAVIOR DETECTION OF A ROBOT SYSTEM BY USING A HIERARCHICAL SIAMESE NEURAL NETWORK",
        "year": 2017,
        "doi": "10.1109/SCM.2017.7970671",
        "url": "/item.asp?id=31035533",
        "authors": [
            "Utkin L.V.",
            "Zaborovsky V.S.",
            "Zhuk Y.A."
        ]
    },
    {
        "name": "THE BIG DATA APPROACH TO COLLECTING AND ANALYZING TRAFFIC DATA IN LARGE SCALE NETWORKS",
        "year": 2017,
        "doi": "10.1016/j.procs.2017.01.048",
        "url": "/item.asp?id=29486067",
        "authors": [
            "Laboshin L.U.",
            "Lukashin A.A.",
            "Zaborovsky V.S."
        ]
    },
    {
        "name": "МЕТОД НАВИГАЦИИ МОБИЛЬНЫХ РОБОТОВ В НЕДЕТЕРМИНИРОВАННОЙ СРЕДЕ С ИСПОЛЬЗОВАНИЕМ ДАННЫХ ЛАЗЕРНЫХ ДАЛЬНОМЕРОВ",
        "year": 2017,
        "doi": "",
        "url": "/item.asp?id=29979779",
        "authors": [
            "Мулюха В.А.",
            "Заборовский В.С.",
            "Лабошин Л.Ю.",
            "Ильяшенко А.С."
        ]
    },
    {
        "name": "РЕЗУЛЬТАТЫ КОСМИЧЕСКОГО ЭКСПЕРИМЕНТА \"КОНТУР-2\" ПО ОТРАБОТКЕ ТЕХНОЛОГИЙ УДАЛЕННОГО УПРАВЛЕНИЯ НАПЛАНЕТНЫМИ РОБОТОТЕХНИЧЕСКИМИ ОБЪЕКТАМИ",
        "year": 2017,
        "doi": "",
        "url": "/item.asp?id=30479517",
        "authors": [
            "Мулюха В.А.",
            "Заборовский В.С.",
            "Гук М.Ю.",
            "Силиненко А.В."
        ]
    },
    {
        "name": "COMMUNICATION TECHNOLOGIES IN THE SPACE EXPERIMENT \"KONTUR-2\"",
        "year": 2017,
        "doi": "10.1007/978-3-319-67380-6_55",
        "url": "/item.asp?id=31068970",
        "authors": [
            "Muliukha V.",
            "Zaborovsky V.",
            "Ilyashenko A.",
            "Podgurski Y."
        ]
    },
    {
        "name": "ALGORITHMS FOR PLANNING RESOURCE-INTENSIVE COMPUTING TASKS IN A HYBRID SUPERCOMPUTER ENVIRONMENT FOR SIMULATING THE CHARACTERISTICS OF A QUANTUM ROTATION SENSOR AND PERFORMING ENGINEERING CALCULATIONS",
        "year": 2017,
        "doi": "10.3103/S0146411617060049",
        "url": "/item.asp?id=35530570",
        "authors": [
            "Ilyashenko A.S.",
            "Lukashin A.A.",
            "Zaborovsky V.S."
        ]
    },
    {
        "name": "SIAMESE NEURAL NETWORK FOR INTELLIGENT INFORMATION SECURITY CONTROL IN MULTI-ROBOT SYSTEMS",
        "year": 2017,
        "doi": "10.3103/S0146411617080235",
        "url": "/item.asp?id=35543256",
        "authors": [
            "Utkin L.V.",
            "Zaborovsky V.S.",
            "Popov S.G."
        ]
    },
    {
        "name": "РЕЗУЛЬТАТЫ КОСМИЧЕСКОГО ЭКСПЕРИМЕНТА \"КОНТУР-2\" ПО ОТРАБОТКЕ ТЕХНОЛОГИЙ УДАЛЕННОГО УПРАВЛЕНИЯ НАПЛАНЕТНЫМИ РОБОТОТЕХНИЧЕСКИМИ ОБЪЕКТАМИ",
        "year": 2017,
        "doi": "10.23683/2311-3103-2017-9-153-169",
        "url": "/item.asp?id=32398332",
        "authors": [
            "Мулюха В.А.",
            "Заборовский В.С.",
            "Гук М.Ю.",
            "Силиненко А.В."
        ]
    },
    {
        "name": "УПРАВЛЕНИЕ ГРУППИРОВКОЙ НАПЛАНЕТНЫХ РОБОТОВ В СУПЕРВИЗОРНОМ РЕЖИМЕ С БОРТА ОРБИТАЛЬНОЙ СТАНЦИИ",
        "year": 2017,
        "doi": "",
        "url": "/item.asp?id=36907916",
        "authors": [
            "Мулюха В.А.",
            "Заборовский В.С.",
            "Попов С.Г."
        ]
    },
    {
        "name": "ОБНАРУЖЕНИЕ АНОМАЛЬНОГО ПОВЕДЕНИЯ ГРУППЫ РОБОТОВ С ИСПОЛЬЗОВАНИЕМ ИЕРАРХИЧЕСКОЙ СИАМСКОЙ НЕЙРОННОЙ СЕТИ",
        "year": 2017,
        "doi": "",
        "url": "/item.asp?id=29902215",
        "authors": [
            "Уткин Л.В.",
            "Жук Ю.А.",
            "Заборовский В.С."
        ]
    },
    {
        "name": "MATHEMATICS FOR/OF BIG DATA",
        "year": 2017,
        "doi": "10.2205/CODATA2017",
        "url": "/item.asp?id=30755779",
        "authors": [
            "Zaborovskiy V.",
            "Utkin L."
        ]
    },
    {
        "name": "SPACE EXPERIMENT \"KONTUR-2\": APPLIED METHODS AND OBTAINED RESULTS",
        "year": 2017,
        "doi": "10.23919/FRUCT.2017.8250189",
        "url": "/item.asp?id=35119556",
        "authors": [
            "Muliukha V.",
            "Ilyashenko A.",
            "Zaborovsky V.",
            "Novopasheniy A."
        ]
    },
    {
        "name": "СКЦ \"ПОЛИТЕХНИЧЕСКИЙ\" - ВЫЧИСЛИТЕЛЬНЫЕ И ИНТЕЛЛЕКТУАЛЬНЫЕ СЕРВИСЫ СПБПУ",
        "year": 2016,
        "doi": "",
        "url": "/item.asp?id=35387328",
        "authors": [
            "Заборовский В.С.",
            "Лукашин А.А."
        ]
    },
    {
        "name": "СИСТЕМА СУПЕРВИЗОРНОГО СЕТЕЦЕНТРИЧЕСКОГО УПРАВЛЕНИЯ ДЛЯ РОБОТОВ НАЗЕМНОГО И КОСМИЧЕСКОГО БАЗИРОВАНИЯ",
        "year": 2016,
        "doi": "",
        "url": "/item.asp?id=27603912",
        "authors": [
            "Мулюха В.А.",
            "Ильяшенко А.С.",
            "Заборовский В.С."
        ]
    },
    {
        "name": "СКЦ \"ПОЛИТЕХНИЧЕСКИЙ\" - ГЕТЕРОГЕННЫЕ СУПЕРКОМПЬЮТЕРНЫЕ СИСТЕМЫ ДЛЯ РАЗВИТИЯ ИНДУСТРИИ 4.0",
        "year": 2016,
        "doi": "",
        "url": "/item.asp?id=29708401",
        "authors": [
            "Заборовский В.С.",
            "Лукашин А.А."
        ]
    },
    {
        "name": "КОНТРОЛЬ ИНФОРМАЦИОННОЙ БЕЗОПАСНОСТИ В СИСТЕМЕ РОБОТОВ НА ОСНОВЕ ЭЛЕМЕНТОВ ГЛУБОКОГО ОБУЧЕНИЯ",
        "year": 2016,
        "doi": "",
        "url": "/item.asp?id=28846962",
        "authors": [
            "Уткин Л.В.",
            "Заборовский В.С.",
            "Попов С.Г."
        ]
    },
    {
        "name": "СИАМСКАЯ НЕЙРОННАЯ СЕТЬ ДЛЯ ИНТЕЛЛЕКТУАЛЬНОГО КОНТРОЛЯ ИНФОРМАЦИОННОЙ БЕЗОПАСНОСТИ В СИСТЕМЕ РОБОТОВ",
        "year": 2016,
        "doi": "",
        "url": "/item.asp?id=28916668",
        "authors": [
            "Уткин Л.В.",
            "Заборовский В.С.",
            "Попов С.Г."
        ]
    },
    {
        "name": "DETECTION OF ANOMALOUS BEHAVIOR IN A ROBOT SYSTEM BASED ON DEEP LEARNING ELEMENTS",
        "year": 2016,
        "doi": "10.3103/S0146411616080319",
        "url": "/item.asp?id=29485674",
        "authors": [
            "Utkin L.V.",
            "Zaborovskii V.S.",
            "Popov S.G."
        ]
    },
    {
        "name": "СИСТЕМА ТЕЛЕУПРАВЛЕНИЯ НАПЛАНЕТНЫМИ РОБОТАМИ С БОРТА МКС",
        "year": 2016,
        "doi": "",
        "url": "/item.asp?id=36882268",
        "authors": [
            "Гук М.Ю.",
            "Заборовский В.С.",
            "Силиненко А.В.",
            "Шмаков О.А."
        ]
    },
    {
        "name": "СИСТЕМА СУПЕРВИЗОРНОГО СЕТЕЦЕНТРИЧЕСКОГО УПРАВЛЕНИЯ РОБОТОТЕХНИЧЕСКИМИ ОБЪЕКТАМИ",
        "year": 2016,
        "doi": "",
        "url": "/item.asp?id=36882209",
        "authors": [
            "Мулюха В.А.",
            "Гук М.Ю.",
            "Заборовский В.С."
        ]
    },
    {
        "name": "ОТРАБОТКА СИЛОМОМЕНТНОГО ТЕЛЕУПРАВЛЕНИЯ НАПЛАНЕТНЫМИ РОБОТАМИ С БОРТА МКС В РАМКАХ ЭКСПЕРИМЕНТА \"КОНТУР-2\"",
        "year": 2016,
        "doi": "",
        "url": "/item.asp?id=36882210",
        "authors": [
            "Артигас Д.",
            "Рики К.",
            "Вебер Б.",
            "Штельцер М.",
            "Балахандран Р.",
            "Шатцль С.",
            "Байер Р.",
            "Штайнметц М.",
            "Вогль Д.",
            "Брюннер Б.",
            "Альбу-Шэффер А.",
            "Гук М.Ю.",
            "Заборовский В.С.",
            "Кондратьев А.С.",
            "Мулюха В.А.",
            "Силиненко А.В.",
            "Шмаков О.А."
        ]
    },
    {
        "name": "СИСТЕМА СУПЕРВИЗОРНОГО СЕТЕЦЕНТРИЧЕСКОГО УПРАВЛЕНИЯ РОБОТОТЕХНИЧЕСКИМИ ОБЪЕКТАМИ",
        "year": 2016,
        "doi": "",
        "url": "/item.asp?id=27541389",
        "authors": [
            "Мулюха В.А.",
            "Гук М.Ю.",
            "Заборовский В.С."
        ]
    },
    {
        "name": "ТЕЛЕУПРАВЛЕНИЕ НАЗЕМНЫМ РОБОТОМ С СИЛОМОМЕНТНОЙ ОБРАТНОЙ СВЯЗЬЮ С БОРТА МЕЖДУНАРОДНОЙ КОСМИЧЕСКОЙ СТАНЦИИ В РАМКАХ КОСМИЧЕСКОГО ЭКСПЕРИМЕНТА \"КОНТУР-2\"",
        "year": 2016,
        "doi": "",
        "url": "/item.asp?id=27541335",
        "authors": [
            "Артигас Д.",
            "Райке Ц.",
            "Вебер Б.",
            "Штельцер М.",
            "Балачандран Р.",
            "Шаетцл С.",
            "Баер Р.",
            "Штенймец М.",
            "Вогель Д.",
            "Брюнер Б.",
            "Албу-Шафер А.",
            "Гук М.",
            "Заборовский В.",
            "Кондратьев А.",
            "Мулюха В.",
            "Силиненко А.",
            "Шмаков О."
        ]
    },
    {
        "name": "ОБЕСПЕЧЕНИЕ КИБЕРБЕЗОПАСНОСТИСЕТЕВОГО ТРАФИКА С ПОМОЩЬЮ ТЕХНОЛОГИЙ ОБРАБОТКИ БОЛЬШИХ ДАННЫХ",
        "year": 2016,
        "doi": "",
        "url": "/item.asp?id=27541340",
        "authors": [
            "Лукашин А.А.",
            "Заборовский В.С.",
            "Лабошин Л.Ю."
        ]
    },
    {
        "name": "CYBER-PHYSICAL APPROACH TO THE NETWORK-CENTRIC ROBOTICS CONTROL TASK",
        "year": 2016,
        "doi": "10.1063/1.4965420",
        "url": "/item.asp?id=27578252",
        "authors": [
            "Muliukha V.",
            "Ilyashenko A.",
            "Zaborovsky V.",
            "Lukashin A."
        ]
    },
    {
        "name": "ОБЕСПЕЧЕНИЕ КИБЕРБЕЗОПАСНОСТИ СЕТЕВОГО ТРАФИКА С ПОМОЩЬЮ ТЕХНОЛОГИЙ ОБРАБОТКИ БОЛЬШИХ ДАННЫХ",
        "year": 2016,
        "doi": "",
        "url": "/item.asp?id=36546737",
        "authors": [
            "Лукашин А.А.",
            "Заборовский В.С.",
            "Лабошин Л.Ю."
        ]
    },
    {
        "name": "АЛГОРИТМЫ УПРАВЛЕНИЯ ДОСТУПОМ К КИБЕРФИЗИЧЕСКИМ ОБЪЕКТАМ В ДИНАМИЧЕСКИХ КОМПЬЮТЕРНЫХ СЕТЯХ",
        "year": 2016,
        "doi": "",
        "url": "/item.asp?id=36546740",
        "authors": [
            "Мулюха В.А.",
            "Заборовский В.С."
        ]
    },
    {
        "name": "НЕДЕЛЯ НАУКИ СПБПУ",
        "year": 2015,
        "doi": "",
        "url": "/item.asp?id=24964207",
        "authors": [
            "\nМатериалы научного форума с международным участием. Институт прикладной математики и механики / 2015. \n"
        ]
    },
    {
        "name": "КОСМИЧЕСКИЙ ЭКСПЕРИМЕНТ \"КОНТУР-2\": ТЕЛЕУПРАВЛЕНИЕ НАПЛАНЕТНЫМИ РОБОТАМИ С БОРТА МКС",
        "year": 2015,
        "doi": "",
        "url": "/item.asp?id=26260974",
        "authors": [
            "Кондратьев А.С.",
            "Заборовский В.С.",
            "Силиненко А.В.",
            "Гук М.Ю.",
            "Шмаков О.А.",
            "Волков О.Н.",
            "Беляев М.Ю."
        ]
    },
    {
        "name": "CYBER-PHYSICAL APPROACH IN A SERIES OF SPACE EXPERIMENTS \"KONTUR\"",
        "year": 2015,
        "doi": "10.1007/978-3-319-23126-6_69",
        "url": "/item.asp?id=26920781",
        "authors": [
            "Zaborovsky V.",
            "Muliukha V.",
            "Ilyashenko A."
        ]
    },
    {
        "name": "METHOD OF SECURITY AGAINST COMPUTER ATTACKS BASED ON AN ANALYSIS OF EXECUTABLE MACHINE CODE",
        "year": 2015,
        "doi": "10.3103/S0146411615080039",
        "url": "/item.asp?id=27137234",
        "authors": [
            "Aranov V.Y.",
            "Zaborovsky V.S."
        ]
    },
    {
        "name": "MODEL OF HIDDEN IT SECURITY THREATS IN THE CLOUD COMPUTING ENVIRONMENT",
        "year": 2015,
        "doi": "10.3103/S0146411615080295",
        "url": "/item.asp?id=26854639",
        "authors": [
            "Molyakov A.S.",
            "Zaborovsky V.S.",
            "Lukashin A.A."
        ]
    },
    {
        "name": "PREEMPTIVE QUEUEING SYSTEM WITH RANDOMIZED PUSH-OUT MECHANISM",
        "year": 2015,
        "doi": "10.1016/j.cnsns.2014.08.020",
        "url": "/item.asp?id=23972931",
        "authors": [
            "Muliukha V.",
            "Ilyashenko A.",
            "Zayats O.",
            "Zaborovsky V."
        ]
    },
    {
        "name": "CORRIGENDUM TO \"PREEMPTIVE QUEUEING SYSTEM WITH RANDOMIZED PUSH-OUT MECHANISM\" [COMMUN NONLINEAR SCI NUMER SIMULAT, 21, (2015), 147-158] DOI: 10.1016/J.CNSNS.2014.08.020",
        "year": 2015,
        "doi": "10.1016/j.cnsns.2015.04.003",
        "url": "/item.asp?id=24034208",
        "authors": [
            "Muliukha V.",
            "Ilyashenko A.",
            "Zayats O.",
            "Zaborovsky V."
        ]
    },
    {
        "name": "УПРАВЛЕНИЕ ГРУППИРОВКАМИ КИБЕРФИЗИЧЕСКИХ ОБЪЕКТОВ В СРЕДЕ ОБЛАЧНЫХ ВЫЧИСЛЕНИЙ",
        "year": 2015,
        "doi": "",
        "url": "/item.asp?id=25360691",
        "authors": [
            "Заборовский В.С.",
            "Мулюха В.А.",
            "Лукашин А.А.",
            "Ильяшенко А.С."
        ]
    },
    {
        "name": "ПРИМЕНЕНИЕ ТЕХНОЛОГИИ MAPREDUCE ДЛЯ КОНТРОЛЯ ДОСТУПА К ИНФОРМАЦИОННЫМ РЕСУРСАМ В КОРПОРАТИВНЫХ СЕТЯХ",
        "year": 2015,
        "doi": "10.5862/JCSTCS.217-222.3",
        "url": "/item.asp?id=23728599",
        "authors": [
            "Лабошин Л.Ю.",
            "Лукашин А.А.",
            "Заборовский В.С."
        ]
    },
    {
        "name": "ЭКТОРНЫЙ ПОДХОД К РЕАЛИЗАЦИИ ИНФОРМАЦИОННОГО ВЗАИМОДЕЙСТВИЯ КИБЕРФИЗИЧЕСКИХ ОБЪЕКТОВ",
        "year": 2015,
        "doi": "",
        "url": "/item.asp?id=26606242",
        "authors": [
            "Заборовский В.С.",
            "Мулюха В.А.",
            "Лукашин А.А."
        ]
    },
    {
        "name": "ОБЕСПЕЧЕНИЕ ИНФОРМАЦИОННОЙ БЕЗОПАСНОСТИ СЕТЕЦЕНТРИЧЕСКИХ ГРУППИРОВОК КИБЕРФИЗИЧЕСКИХ ОБЪЕКТОВ",
        "year": 2015,
        "doi": "",
        "url": "/item.asp?id=36546593",
        "authors": [
            "Заборовский В.С.",
            "Мулюха В.А.",
            "Лукашин А.А."
        ]
    },
    {
        "name": "КОМПЬЮТЕРНЫЙ ИНЖИНИРИНГ - ПЛАТФОРМА МОДЕРНИЗАЦИИ ОТЕЧЕСТВЕННОЙ ПРОМЫШЛЕННОСТИ",
        "year": 2014,
        "doi": "",
        "url": "/item.asp?id=22518897",
        "authors": [
            "Болдырев Ю.Я.",
            "Боровков А.И.",
            "Заборовский В.С."
        ]
    },
    {
        "name": "SECURITY OF VEHICULAR NETWORKS: STATIC AND DYNAMIC CONTROL OF CYBER-PHYSICAL OBJECTS",
        "year": 2014,
        "doi": "",
        "url": "/item.asp?id=24041938",
        "authors": [
            "Muliukha V.",
            "Zaborovsky V.",
            "Popov S."
        ]
    },
    {
        "name": "СЕТЕЦЕНТРИЧЕСКИЕ АЛГОРИТМЫ ИНТЕРАКТИВНОГО УПРАВЛЕНИЯ РОБОТАМИ С БОРТА МКС",
        "year": 2014,
        "doi": "",
        "url": "/item.asp?id=22231442",
        "authors": [
            "Заборовский В.С.",
            "Гук М.Ю.",
            "Ильяшенко А.С.",
            "Мулюха В.А.",
            "Селезнев К.С."
        ]
    },
    {
        "name": "DISTRIBUTED PACKET TRACE PROCESSING METHOD FOR INFORMATION SECURITY ANALYSIS",
        "year": 2014,
        "doi": "10.1007/978-3-319-10353-2_49",
        "url": "/item.asp?id=23981252",
        "authors": [
            "Lukashin A.",
            "Laboshin L.",
            "Zaborovsky V.",
            "Mulukha V."
        ]
    },
    {
        "name": "CYBER-PHYSICAL APPROACH TO THE NETWORK-CENTRIC ROBOT CONTROL PROBLEMS",
        "year": 2014,
        "doi": "10.1007/978-3-319-10353-2_57",
        "url": "/item.asp?id=23981284",
        "authors": [
            "Zaborovsky V.",
            "Guk M.",
            "Muliukha V.",
            "Ilyashenko A."
        ]
    },
    {
        "name": "МУЛЬТИГРАФОВАЯ МОДЕЛЬ ОПЕРАЦИЙ ДЛЯ ЗАЩИТЫ СРЕДЫ ОБЛАЧНЫХ ВЫЧИСЛЕНИЙ ОТ СКРЫТЫХ УГРОЗ ИНФОРМАЦИОННОЙ БЕЗОПАСНОСТИ",
        "year": 2014,
        "doi": "",
        "url": "/item.asp?id=21946386",
        "authors": [
            "Моляков А.С.",
            "Заборовский В.С.",
            "Лукашин А.А."
        ]
    },
    {
        "name": "МОДЕЛЬ СКРЫТЫХ УГРОЗ ИНФОРМАЦИОННОЙ БЕЗОПАСНОСТИ В СРЕДЕ ОБЛАЧНЫХ ВЫЧИСЛЕНИЙ",
        "year": 2014,
        "doi": "",
        "url": "/item.asp?id=21946387",
        "authors": [
            "Моляков А.С.",
            "Заборовский В.С.",
            "Лукашин А.А."
        ]
    },
    {
        "name": "ПЛАТФОРМА УПРАВЛЕНИЯ КИБЕРФИЗИЧЕСКИМИ ОБЪЕКТАМИ",
        "year": 2014,
        "doi": "",
        "url": "/item.asp?id=22507614",
        "authors": [
            "Заборовский В.",
            "Лукашин А.",
            "Мулюха В."
        ]
    },
    {
        "name": "РАЗРАБОТКА ГЕНЕРАТОРА ПСЕВДОСЛУЧАЙНЫХ ВИРТУАЛЬНЫХ МАШИН",
        "year": 2014,
        "doi": "",
        "url": "/item.asp?id=28797683",
        "authors": [
            "Аранов В.Ю.",
            "Заборовский В.С."
        ]
    },
    {
        "name": "ПРИМЕНЕНИЕ КИБЕРФИЗИЧЕСКОГО ПОДХОДА В ЗАДАЧАХ СЕТЕЦЕНТРИЧЕСКОГО УПРАВЛЕНИЯ РОБОТАМИ",
        "year": 2014,
        "doi": "",
        "url": "/item.asp?id=21709113",
        "authors": [
            "Заборовский В.С.",
            "Гук М.Ю.",
            "Мулюха В.А."
        ]
    },
    {
        "name": "СЕТЕЦЕНТРИЧЕСКИЙ МЕТОД ОРГАНИЗАЦИИ ИНФОРМАЦИОННОГО ВЗАИМОДЕЙСТВИЯ КИБЕРФИЗИЧЕСКИХ ОБЪЕКТОВ В СРЕДЕ ОБЛАЧНЫХ ВЫЧИСЛЕНИЙ",
        "year": 2014,
        "doi": "",
        "url": "/item.asp?id=21981391",
        "authors": [
            "Мулюха В.А.",
            "Заборовский В.С.",
            "Ильяшенко А.С.",
            "Лукашин А.А."
        ]
    },
    {
        "name": "СЕТЕЦЕНТРИЧЕСКИЙ МЕТОД ОРГАНИЗАЦИИ ИНФОРМАЦИОННОГО ВЗАИМОДЕЙСТВИЯ КИБЕРФИЗИЧЕСКИХ ОБЪЕКТОВ В СРЕДЕ ОБЛАЧНЫХ ВЫЧИСЛЕНИЙ",
        "year": 2014,
        "doi": "",
        "url": "/item.asp?id=27012798",
        "authors": [
            "Мулюха В.А.",
            "Заборовский В.С.",
            "Ильяшенко А.С.",
            "Лукашин А.А."
        ]
    },
    {
        "name": "ЗАЩИЩЕННАЯ ПЛАТФОРМА ОБЛАЧНЫХ ВЫЧИСЛЕНИЙ ДЛЯ ЗАДАЧ КОМПЬЮТЕРНОГО ИНЖИНИРИНГА",
        "year": 2013,
        "doi": "",
        "url": "/item.asp?id=22446813",
        "authors": [
            "Заборовский В.С.",
            "Лукашин А.А.",
            "Ильяшенко А.С."
        ]
    },
    {
        "name": "ADAGE MOBILE SERVICES FOR ITS INFRASTRUCTURE",
        "year": 2013,
        "doi": "10.1109/ITST.2013.6685533",
        "url": "/item.asp?id=21911788",
        "authors": [
            "Zaborovskiy V.S.",
            "Lukashin A.A.",
            "Popov S.G.",
            "Vostrov A.V."
        ]
    },
    {
        "name": "СУПЕРКОМПЬЮТЕРНЫЙ ИНЖИНИРИНГ",
        "year": 2013,
        "doi": "",
        "url": "/item.asp?id=22446897",
        "authors": [
            "Боровков А.И.",
            "Болдырев Ю.Я.",
            "Заборовский В.С."
        ]
    },
    {
        "name": "HETEROGENEOUS MULTIPROTOCOL VEHICLE CONTROLS SYSTEMS IN CLOUD COMPUTING ENVIRONMENT",
        "year": 2013,
        "doi": "",
        "url": "/item.asp?id=21895938",
        "authors": [
            "Zaborovski V.S.",
            "Chuvatov M.",
            "Gusikhin O.",
            "Makkiya A.",
            "Hatton D."
        ]
    },
    {
        "name": "МЕТОД ЗАЩИТЫ ОТ КОМПЬЮТЕРНЫХ АТАК, ОСНОВАННЫХ НА АНАЛИЗЕ ИСПОЛНЯЕМОГО МАШИННОГО КОДА",
        "year": 2013,
        "doi": "",
        "url": "/item.asp?id=21368110",
        "authors": [
            "Аранов В.Ю.",
            "Заборовский В.С."
        ]
    },
    {
        "name": "ВЫСОКОПРОИЗВОДИТЕЛЬНАЯ ЗАЩИЩЕННАЯ ОБЛАЧНАЯ СРЕДА",
        "year": 2013,
        "doi": "",
        "url": "/item.asp?id=21533487",
        "authors": [
            "Заборовский В.",
            "Лукашин А."
        ]
    },
    {
        "name": "СИСТЕМА ЗАЩИТЫ ИНФОРМАЦИОННЫХ СЕРВИСОВ В СРЕДЕ ОБЛАЧНЫХ ВЫЧИСЛЕНИЙ",
        "year": 2013,
        "doi": "",
        "url": "/item.asp?id=18866393",
        "authors": [
            "Лукашин А.А.",
            "Заборовский В.С."
        ]
    },
    {
        "name": "СЕТЕЦЕНТРИЧЕСКИЕ АЛГОРИТМЫ УПРАВЛЕНИЯ ДЛЯ ТЕЛЕМАТИЧЕСКИХ СЕРВИСОВ ТОЛЕРАНТНЫХ К ЗАДЕРЖКАМ",
        "year": 2013,
        "doi": "",
        "url": "/item.asp?id=21007541",
        "authors": [
            "Заборовский В.С.",
            "Мулюха В.А.",
            "Пашкин М.П.",
            "Попов С.Г."
        ]
    },
    {
        "name": "ПРОГРАММНОЕ ОБЕСПЕЧЕНИЕ ДНЯ ОТРАБОТКИ АЛГОРИТМОВ СЕТЕВОГО ИНТЕРАКТИВНОГО УПРАВЛЕНИЯ РОБОТАМИ С БОРТА МКС",
        "year": 2013,
        "doi": "",
        "url": "/item.asp?id=20872641",
        "authors": [
            "Заборовский В.С.",
            "Гук М.Ю.",
            "Ильяшенко А.С.",
            "Мулюха В.А.",
            "Силиненко А.В.",
            "Селезнёв К.С."
        ]
    },
    {
        "name": "СЕТЕЦЕНТРИЧЕСКИЙ ПОДХОД К СОЗДАНИЮ СИСТЕМЫ УДАЛЕННОГО УПРАВЛЕНИЯ РОБОТОТЕХНИЧЕСКИМИ ОБЪЕКТАМИ С БОРТА ОРБИТАЛЬНОЙ СТАНЦИИ",
        "year": 2013,
        "doi": "",
        "url": "/item.asp?id=20958932",
        "authors": [
            "Заборовский В.С.",
            "Гук М.Ю.",
            "Мулюха В.А.",
            "Ильяшенко А.С."
        ]
    },
    {
        "name": "АЛГОРИТМЫ УПРАВЛЕНИЯ ХАРАКТЕРИСТИКАМИ ПОТОКОВ ПАКЕТНЫХ ДАННЫХ В СЕТЕВОЙ СРЕДЕ С ИСПОЛЬЗОВАНИЕМ ПРИОРИТЕТНОГО ВЕРОЯТНОСТНОГО ВЫТАЛКИВАЮЩЕГО МЕХАНИЗМА",
        "year": 2013,
        "doi": "",
        "url": "/item.asp?id=20958934",
        "authors": [
            "Заборовский В.С.",
            "Ильяшенко А.С.",
            "Мулюха В.А."
        ]
    },
    {
        "name": "О ВОЗМОЖНОСТИ ВНЕДРЕНИЯ ТЕХНОЛОГИЙ ОБЛАЧНЫХ ВЫЧИСЛЕНИЙ В ВЕДОМСТВЕННЫХ (КОРПОРАТИВНЫХ) РАСПРЕДЕЛЕННЫХ АВТОМАТИЗИРОВАННЫХ ИНФОРМАЦИОННЫХ СИСТЕМАХ",
        "year": 2013,
        "doi": "",
        "url": "/item.asp?id=20321361",
        "authors": [
            "Заборовский В.С.",
            "Лукашин А.А.",
            "Скиба В.Ю."
        ]
    },
    {
        "name": "РАЗРАБОТКА ТЕЛЕМАТИЧЕСКИХ МОДЕЛЕЙ И МЕТОДОВ УПРАВЛЕНИЯ РОБОТАМИ В МНОГОЦЕЛЕВЫХ СЕТЯХ ОПЕРАЦИЙ",
        "year": 4084,
        "doi": "",
        "url": "/item.asp?id=18073926",
        "authors": [
            "Заборовский В.С."
        ]
    },
    {
        "name": "ТЕЛЕМАТИЧЕСКИЙ ПРИБОР ДЛЯ ИЗМЕРЕНИЯ И ГЕНЕРАЦИИ СИГНАЛОВ В РАСПРЕДЕЛЕННЫХ СИСТЕМАХ",
        "year": 2012,
        "doi": "",
        "url": "/item.asp?id=38406838",
        "authors": [
            "Заборовский В.С.",
            "Гук М.Ю.",
            "Силиненко А.В.",
            "Мулюха В.А."
        ]
    },
    {
        "name": "УПРАВЛЕНИЕ ПАКЕТНЫМИ КОММУТАЦИЯМИ В ТЕЛЕМАТИЧЕСКИХ УСТРОЙСТВАХ С ОГРАНИЧЕННЫМ БУФЕРОМ ПРИ ИСПОЛЬЗОВАНИИ АБСОЛЮТНОГО ПРИОРИТЕТА И ВЕРОЯТНОСТНОГО ВЫТАЛКИВАЮЩЕГО МЕХАНИЗМА. ЧАСТЬ 1",
        "year": 2012,
        "doi": "",
        "url": "/item.asp?id=17588116",
        "authors": [
            "Заяц О.И.",
            "Заборовский В.С.",
            "Мулюха В.А.",
            "Вербенко А.С."
        ]
    },
    {
        "name": "УПРАВЛЕНИЕ ПАКЕТНЫМИ КОММУТАЦИЯМИ В ТЕЛЕМАТИЧЕСКИХ УСТРОЙСТВАХ С ОГРАНИЧЕННЫМ БУФЕРОМ ПРИ ИСПОЛЬЗОВАНИИ АБСОЛЮТНОГО ПРИОРИТЕТА И ВЕРОЯТНОСТНОГО ВЫТАЛКИВАЮЩЕГО МЕХАНИЗМА. ЧАСТЬ 2",
        "year": 2012,
        "doi": "",
        "url": "/item.asp?id=17736423",
        "authors": [
            "Заяц О.И.",
            "Заборовский В.С.",
            "Мулюха В.А.",
            "Вербенко А.С."
        ]
    },
    {
        "name": "МЕТОД КОНТРОЛЯ ДОСТУПА НА ОСНОВЕ АНАЛИЗА КОНТЕНТА ВИРТУАЛЬНЫХ СОЕДИНЕНИЙ С ИСПОЛЬЗОВАНИЕМ НУМЕРАЦИИ ГЁДЕЛЯ",
        "year": 2012,
        "doi": "",
        "url": "/item.asp?id=17900750",
        "authors": [
            "Заборовский В.С.",
            "Солдатихин И.В."
        ]
    },
    {
        "name": "СЕТЕЦЕНТРИЧЕСКАЯ МОДЕЛЬ И МЕТОДЫ КОНТРОЛЯ ДОСТУПА К ИНФОРМАЦИОННЫМ РЕСУРСАМ В СРЕДЕ ОБЛАЧНЫХ ВЫЧИСЛЕНИЙ",
        "year": 2012,
        "doi": "",
        "url": "/item.asp?id=17900747",
        "authors": [
            "Заборовский В.С.",
            "Лукашин А.А."
        ]
    },
    {
        "name": "СИСТЕМА КОНТРОЛЯ ДОСТУПА В СРЕДЕ ОБЛАЧНЫХ ВЫЧИСЛЕНИЙ",
        "year": 2012,
        "doi": "",
        "url": "/item.asp?id=17925938",
        "authors": [
            "Заборовский В.С.",
            "Лукашин А.А."
        ]
    },
    {
        "name": "УДАЛЕННОЕ УПРАВЛЕНИЕ РОБОТОТЕХНИЧЕСКИМИ ОБЪЕКТАМИ В КОСМИЧЕСКИХ ЭКСПЕРИМЕНТАХ СЕРИИ \"КОНТУР\"",
        "year": 2012,
        "doi": "",
        "url": "/item.asp?id=18314855",
        "authors": [
            "Заборовский В.С.",
            "Кондратьев А.С.",
            "Мулюха В.А.",
            "Силиненко А.В.",
            "Ильяшенко А.С.",
            "Филиппов М.С."
        ]
    },
    {
        "name": "УПРАВЛЕНИЕ ГРУППИРОВКАМИ НАПЛАНЕТНЫХ РОБОТОВ С БОРТА ПИЛОТИРУЕМОЙ ОРБИТАЛЬНОЙ СТАНЦИИ В РАМКАХ ПРОЕКТА \"METERON\"",
        "year": 2012,
        "doi": "",
        "url": "/item.asp?id=18314861",
        "authors": [
            "Заборовский В.С.",
            "Кондратьев А.С.",
            "Мулюха В.А.",
            "Силиненко А.В.",
            "Ильяшенко А.С."
        ]
    },
    {
        "name": "УСТРОЙСТВО МОДЕЛИРОВАНИЯ ПРОЦЕССОВ ПЕРЕДАЧИ ПАКЕТНОГО ТРАФИКА НА ОСНОВЕ МЕЖСЕТЕВОГО ЭКРАНА С ДИНАМИЧЕСКИМ УПРАВЛЕНИЕМ ПАРАМЕТРАМИ ВИРТУАЛЬНЫХ СОЕДИНЕНИЙ",
        "year": 2011,
        "doi": "",
        "url": "/item.asp?id=38390133",
        "authors": [
            "Заборовский В.С.",
            "Гук М.Ю.",
            "Силиненко А.В."
        ]
    },
    {
        "name": "ЗАДАЮЩИЙ ГЕНЕРАТОР-ИЗМЕРИТЕЛЬ ДЛЯ РЕЛАКСОМЕТРА ЯДЕРНОГО МАГНИТНОГО РЕЗОНАНСА",
        "year": 2011,
        "doi": "",
        "url": "/item.asp?id=38393316",
        "authors": [
            "Заборовский В.С.",
            "Гук М.Ю.",
            "Игнатьев Б.В."
        ]
    },
    {
        "name": "DYNAMIC ACCESS CONTROL IN CLOUD SERVICES",
        "year": 2011,
        "doi": "10.1109/ICSMC.2011.6083854",
        "url": "/item.asp?id=18031019",
        "authors": [
            "Zaborovsky V.",
            "Lukashin A.",
            "Kupreenko S.",
            "Mulukha V."
        ]
    },
    {
        "name": "АРХИТЕКТУРА СИСТЕМЫ РАЗГРАНИЧЕНИЯ ДОСТУПА К РЕСУРСАМ ГЕТЕРОГЕННОЙ ВЫЧИСЛИТЕЛЬНОЙ СРЕДЫ НА ОСНОВЕ КОНТРОЛЯ ВИРТУАЛЬНЫХ СОЕДИНЕНИЙ",
        "year": 2011,
        "doi": "",
        "url": "/item.asp?id=22641205",
        "authors": [
            "Заборовский В.С.",
            "Лукашин А.А.",
            "Купреенко С.В.",
            "Мулюха В.А."
        ]
    },
    {
        "name": "ACCESS ISOLATION MECHANISM BASED ON VIRTUAL CONNECTION MANAGEMENT IN CLOUD SYSTEMS: HOW TO SECURE CLOUD SYSTEM USING HIGH PERFOMANCE VIRTUAL FIREWALLS",
        "year": 2011,
        "doi": "",
        "url": "/item.asp?id=20524737",
        "authors": [
            "Lukashin A.",
            "Zaborovsky V.",
            "Kupreenko S."
        ]
    },
    {
        "name": "АРХИТЕКТУРА СИСТЕМЫ РАЗГРАНИЧЕНИЯ ДОСТУПА К РЕСУРСАМ ГЕТЕРОГЕННОЙ ВЫЧИСЛИТЕЛЬНОЙ СРЕДЫ НА ОСНОВЕ КОНТРОЛЯ ВИРТУАЛЬНЫХ СОЕДИНЕНИЙ",
        "year": 2011,
        "doi": "",
        "url": "/item.asp?id=18863047",
        "authors": [
            "Заборовский В.С.",
            "Лукашин А.А.",
            "Купреенко С.В.",
            "Мулюха В.А."
        ]
    },
    {
        "name": "СЕТИ ЭВМ И ТЕЛЕКОММУНИКАЦИИ",
        "year": 2010,
        "doi": "",
        "url": "/item.asp?id=19595036",
        "authors": [
            "Заборовский В.С.",
            "Мулюха В.А.",
            "Новопашенный А.Г."
        ]
    },
    {
        "name": "PRIORITY QUEUEING WITH FINITE BUFFER SIZE AND RANDOMIZED PUSH-OUT MECHANISM",
        "year": 2010,
        "doi": "10.1109/ICN.2010.56",
        "url": "/item.asp?id=15328840",
        "authors": [
            "Zaborovsky V.",
            "Zayats O.",
            "Mulukha V."
        ]
    },
    {
        "name": "INTERNET PERFORMANCE: TCP IN STOCHASTIC NETWORK ENVIRONMENT",
        "year": 2009,
        "doi": "10.1109/INTERNET.2009.36",
        "url": "/item.asp?id=15311443",
        "authors": [
            "Zaborovsky V.",
            "Gorodetsky A.",
            "Muljukha V."
        ]
    },
    {
        "name": "PROCEEDINGS: THE EIGHTH INTERNATIONAL CONFERENCE ON NETWORKS - ICN 2009. PREFACE",
        "year": 2009,
        "doi": "",
        "url": "/item.asp?id=20548611",
        "authors": [
            "Bi J.",
            "Dini P.",
            "Hasan M.",
            "Gyires T.",
            "Lorenz P.",
            "Pozniak-Koszalka I.",
            "Bestak R.",
            "George L.",
            "Zaborovsky V.S."
        ]
    },
    {
        "name": "ПРОПУСКНАЯ СПОСОБНОСТЬ КОМПЬЮТЕРНЫХ СЕТЕЙ С ФРАКТАЛЬНЫМИ СВОЙСТВАМИ",
        "year": 2009,
        "doi": "",
        "url": "/item.asp?id=12972956",
        "authors": [
            "Городецкий А.Я.",
            "Заборовский В.С.",
            "Мулюха В.А."
        ]
    },
    {
        "name": "TCP FLOWS IN STOCHASTIC NETWORK ENVIRONMENT: MODELS AND CHARACTERISTICS",
        "year": 2008,
        "doi": "10.1109/ICN.2008.101",
        "url": "/item.asp?id=15054329",
        "authors": [
            "Zaborovsky V.",
            "Ygorov S.",
            "Fedorov N."
        ]
    },
    {
        "name": "ПРИМЕНЕНИЕ ТЕЛЕМАТИЧЕСКИХ ВИРТУАЛЬНЫХ ПРИБОРОВ ДЛЯ АВТОМАТИЗАЦИИ ИСПЫТАНИЙ И НАСТРОЙКИ СЛОЖНЫХ ТЕХНИЧЕСКИХ ИЗДЕЛИЙ",
        "year": 2008,
        "doi": "",
        "url": "/item.asp?id=12802984",
        "authors": [
            "Гук М.Ю.",
            "Заборовский В.С.",
            "Балицкий В.И.",
            "Колесник А.М.",
            "Селезнев К.С."
        ]
    },
    {
        "name": "АРХИТЕКТУРА ТЕЛЕМАТИЧЕСКИХ ПРИБОРОВ ДЛЯ ПРОВЕДЕНИЯ АКТИВНЫХ ЭКСПЕРИМЕНТОВ С УДАЛЕННЫМИ ОБЪЕКТАМИ",
        "year": 2008,
        "doi": "",
        "url": "/item.asp?id=12802921",
        "authors": [
            "Гук М.Ю.",
            "Заборовский В.С."
        ]
    },
    {
        "name": "СИСТЕМА СЕМАНТИЧЕСКОГО УПРАВЛЕНИЯ ДОСТУПОМ К СЕТЕВЫМ РЕСУРСАМ",
        "year": 2008,
        "doi": "",
        "url": "/item.asp?id=12802898",
        "authors": [
            "Заборовский В.С.",
            "Силиненко А.В.",
            "Рыжов Ю.Н."
        ]
    },
    {
        "name": "ЭКСПЕРИМЕНТАЛЬНОЕ ИССЛЕДОВАНИЕ СТАТИСТИЧЕСКИХ СВОЙСТВ СЕТЕВОЙ СРЕДЫ НА ОСНОВЕ АНАЛИЗА АНСАМБЛЯ ТСР-СОЕДИНЕНИЙ",
        "year": 2008,
        "doi": "",
        "url": "/item.asp?id=12802900",
        "authors": [
            "Городецкий А.Я.",
            "Заборовский В.С.",
            "Завалей И.А.",
            "Мулюха В.А."
        ]
    },
    {
        "name": "ИССЛЕДОВАНИЯ И МОДЕЛИРОВАНИЕ ПРОЦЕССОВ МЕЖСЕТЕВОГО ВЗАИМОДЕЙСТВИЯ ПРИ РЕШЕНИИ ЗАДАЧ ИНФОРМАЦИОННОЙ БЕЗОПАСНОСТИ И РАЗРАБОТКА АЛГОРИТМА УПРАВЛЕНИЯ СКРЫТНОЙ ФИЛЬТРАЦИЕЙ ПАКЕТНОГО ТРАФИКА",
        "year": 4004,
        "doi": "",
        "url": "/item.asp?id=18071502",
        "authors": [
            "Заборовский В.С."
        ]
    },
    {
        "name": "NETWORK TRAFFIC INVARIANT CHARACTERISTICS METERING ASPECTS",
        "year": 2007,
        "doi": "10.1109/ICN.2007.59",
        "url": "/item.asp?id=15049996",
        "authors": [
            "Zaborovsky V.",
            "Rudskoy A.",
            "Sigalov A."
        ]
    },
    {
        "name": "NETWORK COMPLEXITY:CROSS-LAYER MODELS AND CHARACTERISTICS",
        "year": 2007,
        "doi": "10.1109/AICT.2007.31",
        "url": "/item.asp?id=15048888",
        "authors": [
            "Zaborovsky V.",
            "Gorodetsky A.",
            "Lapin A."
        ]
    },
    {
        "name": "РАЗРАБОТКА ТЕЛЕМАТИЧЕСКИХ СИСТЕМ ЗАЩИТЫ ИНФОРМАЦИИ В НПО РТК",
        "year": 2006,
        "doi": "",
        "url": "/item.asp?id=23378857",
        "authors": [
            "Заборовский В.С."
        ]
    },
    {
        "name": "МОДЕЛИРОВАНИЕ САМОПОДОБНЫХ ПРОЦЕССОВ В КОМПЬЮТЕРНЫХ СЕТЯХ",
        "year": 2006,
        "doi": "",
        "url": "/item.asp?id=12050916",
        "authors": [
            "Городецкий А.Я.",
            "Заборовский В.С.",
            "Лапин А.А."
        ]
    },
    {
        "name": "ARCHITECTURE OF DISTRIBUTED NETWORK PROCESSORS: SPECIFICS OF APPLICATION IN INFORMATION SECURITY SYSTEMS",
        "year": 2005,
        "doi": "10.1007/978-3-540-31957-3_77",
        "url": "/item.asp?id=18239685",
        "authors": [
            "Zaborovskii V.S.",
            "Rudskoy A.",
            "Shemanin Y.A."
        ]
    },
    {
        "name": "СПОСОБ ПЕРЕДВИЖЕНИЯ УСТРОЙСТВА (ВАРИАНТЫ) И УСТРОЙСТВО ДЛЯ ЕГО ОСУЩЕСТВЛЕНИЯ",
        "year": 2004,
        "doi": "",
        "url": "/item.asp?id=37943632",
        "authors": [
            "Заборовский В.С.",
            "Иванов А.А.",
            "Носов В.Н."
        ]
    },
    {
        "name": "БЫСТРОДЕЙСТВУЮЩИЙ ЦИФРОВОЙ ВЫЧИСЛИТЕЛЬНЫЙ ПРИБОР ДЛЯ ИЗМЕРЕНИЯ И ГЕНЕРАЦИИ СИГНАЛОВ",
        "year": 2004,
        "doi": "",
        "url": "/item.asp?id=38483751",
        "authors": [
            "Заборовский В.С.",
            "Игнатьев Б.В.",
            "Гук М.Ю."
        ]
    },
    {
        "name": "МНОГОФУНКЦИОНАЛЬНЫЙ ЦИФРОВОЙ ВЫЧИСЛИТЕЛЬНЫЙ ПРИБОР ДЛЯ ИЗМЕРЕНИЯ И ГЕНЕРАЦИИ СИГНАЛОВ",
        "year": 2004,
        "doi": "",
        "url": "/item.asp?id=38485046",
        "authors": [
            "Заборовский В.С.",
            "Игнатьев Б.В.",
            "Гук М.Ю."
        ]
    },
    {
        "name": "ВЫЧИСЛИТЕЛЬНАЯ СЕТЬ С МЕЖСЕТЕВЫМ ЭКРАНОМ И МЕЖСЕТЕВОЙ ЭКРАН",
        "year": 2003,
        "doi": "",
        "url": "/item.asp?id=37919457",
        "authors": [
            "Купреенко С.В.",
            "Заборовский В.С.",
            "Шеманин Ю.А."
        ]
    },
    {
        "name": "МНОГОФУНКЦИОНАЛЬНЫЙ ЦИФРОВОЙ ВЫЧИСЛИТЕЛЬНЫЙ ПРИБОР ДЛЯ ИЗМЕРЕНИЯ И ГЕНЕРАЦИИ СИГНАЛОВ \"ОСЦИГЕН\"",
        "year": 2003,
        "doi": "",
        "url": "/item.asp?id=38350151",
        "authors": [
            "Заборовский В.С.",
            "Игнатьев Б.В.",
            "Гук М.Ю."
        ]
    },
    {
        "name": "MULTISCALE NETWORK PROCESSES: FRACTAL AND P-ADIC ANALYSIS",
        "year": 2003,
        "doi": "10.1109/ICTEL.2003.1191585",
        "url": "/item.asp?id=24943172",
        "authors": [
            "Zaborovsky V."
        ]
    },
    {
        "name": "СПОСОБ ОБНАРУЖЕНИЯ УДАЛЕННЫХ АТАК В КОМПЬЮТЕРНОЙ СЕТИ",
        "year": 2002,
        "doi": "",
        "url": "/item.asp?id=37887853",
        "authors": [
            "Вильчевский Н.О.",
            "Заборовский В.С.",
            "Клавдиев В.Е.",
            "Лопота В.А.",
            "Маленкова А.В."
        ]
    },
    {
        "name": "PEER-TO-PEER FRACTAL MODELS: A NEW APPROACH TO DESCRIBE MULTISCALE NETWORK PROCESSES",
        "year": 2002,
        "doi": "",
        "url": "/item.asp?id=15033030",
        "authors": [
            "Zaborovsky V.",
            "Meylanov R."
        ]
    },
    {
        "name": "STRUCTURAL LOCATION AND PERSONALITY DURING THE TRANSFORMATION OF POLAND AND UKRAINE",
        "year": 2002,
        "doi": "10.2307/3090108",
        "url": "/item.asp?id=28002852",
        "authors": [
            "Kohn M.L.",
            "Podobnik B.",
            "Zaborowski W.",
            "Janicka K.",
            "Khmelko V.",
            "Mach B.W.",
            "Paniotto V.",
            "Slomczynski K.M.",
            "Heyman C."
        ]
    },
    {
        "name": "INFORMATIONAL NETWORK TRAFFIC MODEL BASED ON FRACTIONAL CALCULUS",
        "year": 2001,
        "doi": "10.1109/ICII.2001.982720",
        "url": "/item.asp?id=27017428",
        "authors": [
            "Zaborovsky V.",
            "Meylanov R."
        ]
    },
    {
        "name": "COMPLEXITY OF ACTIVITIES AND PERSONALITY UNDER CONDITIONS OF RADICAL SOCIAL CHANGE: A COMPARATIVE ANALYSIS OF POLAND AND UKRAINE",
        "year": 2000,
        "doi": "10.2307/2695868",
        "url": "/item.asp?id=27974831",
        "authors": [
            "Kohn M.L.",
            "Zaborowski W.",
            "Janicka K.",
            "Mach B.W.",
            "Khmelko V.",
            "Slomczynski K.M.",
            "Heyman C.",
            "Podobnik B."
        ]
    },
    {
        "name": "МЕТОДЫ И СРЕДСТВА ИССЛЕДОВАНИЯ ПРОЦЕССОВ В ВЫСОКОСКОРОСТНЫХ КОМПЬЮТЕРНЫХ СЕТЯХ",
        "year": 1999,
        "doi": "",
        "url": "/item.asp?id=19146655",
        "authors": [
            "Заборовский В.С."
        ]
    },
    {
        "name": "SOCIAL STRUCTURE AND PERSONALITY UNDER CONDITIONS OF RADICAL SOCIAL CHANGE: A COMPARATIVE ANALYSIS OF POLAND AND UKRAINE",
        "year": 1997,
        "doi": "10.2307/2657430",
        "url": "/item.asp?id=27726658",
        "authors": [
            "Kohn M.L.",
            "Heyman C.",
            "Khmelko V.",
            "Zaborowski W.",
            "Janicka K.",
            "Slomczynski K.M.",
            "Mach B.W.",
            "Gutierrez R.",
            "Paniotto V."
        ]
    },
    {
        "name": "СИНТЕЗ И ИССЛЕДОВАНИЕ АЛГОРИТМОВ ИДЕНТИФИКАЦИИ ДЛЯ АДАПТИВНОГО УПРАВЛЕНИЯ АКТИВНОЙ МОЩНОСТЬЮ КРУПНЫХ ЭНЕРГООБЪЕДИНЕНИЙ",
        "year": 1984,
        "doi": "",
        "url": "/item.asp?id=16153566",
        "authors": [
            "Заборовский В.С."
        ]
    }
]